,Address,BuildingAge,RegDate,Price,SaleableArea,GrossArea,UnitPricePerSaleableArea,UnitPricePerGrossArea,LastHold,GainLoss
0,FLAT C 14/F BLOCK 6 BEACON HEIGHTS ,33,22/12/2020,12.5,844,1022,14810,12231,8948,108
1,FLAT B 1/F BLOCK 1 VILLA CARLTON ,20,21/12/2020,15.1,1337,1735,11294,8703,5377,187
2,FLAT B 7/F BLOCK 2 CALDECOTT HILL ,16,16/12/2020,7.88,538,698,14647,11289,4771,96
3,FLAT F 4/F TOWER 28 (33 GRANDEUR RD) PARC OASIS ,25,14/12/2020,10,560,706,17857,14164,9198,161
4,FLAT A 3/F TAT CHEE COURT  ,35,14/12/2020,13.83,718,816,19262,16949,5583,148
5,FLAT F 1/F TROPICANA 6 (BLOCK 21) TROPICANA DYNASTY HEIGHTS (with garden),22,11/12/2020,11.95,588,762,20323,15682,4120,106
6,FLAT H 6/F AMPLE BUILDING  ,40,9/12/2020,4.65,396,482,11742,9647,8434,133
7,FLAT E 4/F TOWER 6 (6 GRANDEUR RD) PARC OASIS ,28,9/12/2020,13.5,657,815,20548,16564,6755,264
8,FLAT B 5/F TOWER 15 (19 PARC OASIS RD) PARC OASIS ,28,4/12/2020,14.2,681,842,20852,16865,7402,192
9,FLAT C 1/F FARMING VILLA  ,50,2/12/2020,9.68,718,-,13482,-,-,
10,FLAT A 2/F BLOCK B8 (NO. 49) PHASE 1 VILLAGE GARDENS,34,1/12/2020,35.6,1498,1783,23765,19966,1503,17
11,FLAT A 7/F SKY LODGE 6 (BLOCK 6) SKY LODGE DYNASTY HEIGHTS,21,1/12/2020,30.88,1197,1556,25798,19846,3547,54
12,FLAT A 11/F BLOCK 6 BEACON HEIGHTS ,33,30/11/2020,13.8,845,1002,16331,13772,6811,254
13,FLAT B1 (NO.24) 2/F (NO. 22-24 1/F) LAI YUEN  ,55,27/11/2020,13.4,854,-,15691,-,-,
14,FLAT E 7/F BLOCK 1 CALDECOTT HILL ,16,27/11/2020,11,955,1282,11518,8580,2020,-14
15,FLAT B 6/F TOWER 1 MONT ROUGE ,2,20/11/2020,87,1699,-,51207,-,-,-
16,FLAT C 10/F SKY LODGE 1 (BLOCK 1) SKY LODGE DYNASTY HEIGHTS,21,19/11/2020,12,619,833,19386,14406,2913,53
17,FLAT 11 5/F NAM CHEONG COMMERCIAL BUILDING  ,46,18/11/2020,4.18,439,-,9522,-,9053,423
18,FLAT 4 5/F NAM CHEONG COMMERCIAL BUILDING  ,46,17/11/2020,3.8,375,-,10133,-,-,
19,FLAT G 8/F TOWER 11 (11 PARC OASIS RD) PARC OASIS ,28,13/11/2020,9.23,439,547,21025,16874,8417,41
20,FLAT 9 5/F NAM CHEONG COMMERCIAL BUILDING  ,46,12/11/2020,4.1,445,-,9213,-,-,
21,FLAT A 2/F SUPER TOWER  ,42,11/11/2020,15.38,811,-,18964,-,4186,134
22,FLAT B 7/F BLOCK 8 VILLA CARLTON ,20,4/11/2020,13.9,1175,1546,11830,8991,-,
23,FLAT E 6/F KAM YUCK BUILDING  ,39,2/11/2020,3.3,233,250,14163,13200,2975,120
24,FLAT B 8/F SKY LODGE 5 (BLOCK 5) SKY LODGE DYNASTY HEIGHTS,21,2/11/2020,29.68,1202,1556,24692,19075,7894,153
25,FLAT C 3/F BLOCK 1 CALDECOTT HILL ,16,2/11/2020,11,755,987,14570,11145,5700,69
26,FLAT B 3/F TAT CHEE COURT  ,35,30/10/2020,13.43,698,790,19241,17000,5197,180
27,FLAT C 2/F TOWER 21 (26 GRANDEUR RD) PARC OASIS ,26,29/10/2020,9.9,559,703,17710,14083,7613,144
28,FLAT B 5/F BLOCK 5 BEACON HEIGHTS ,35,27/10/2020,15.5,1130,1303,13717,11896,8962,131
29,FLAT A 1/F BLOCK B5 (NO. 25) PHASE 2 VILLAGE GARDENS,34,27/10/2020,32.68,1514,1803,21585,18125,4649,102
30,FLAT K 4/F PAK YUK LAU  ,40,23/10/2020,3.7,272,343,13603,10787,2226,48
31,FLAT D3 2/F BLOCK D FA PO VILLA ,54,21/10/2020,8.8,629,-,13990,-,-,
32,FLAT H 7/F PO TIN BUILDING  ,39,21/10/2020,3.75,254,311,14764,12058,1141,23
33,FLAT F 6/F TOWER 3 (39 TAT CHEE AVE) PARC OASIS ,28,21/10/2020,11.68,568,705,20563,16567,1272,18
34,FLAT D 9/F TOWER 7 (1 PARC OASIS RD) PARC OASIS ,28,19/10/2020,9.29,450,560,20644,16589,2744,42
35,HOUSE 15 NO. 9 HOUSE 15 MONT ROUGE  (with garden flat roof),2,19/10/2020,169,2917,-,57936,-,-,-
36,FLAT A 2/F TIN FUNG LAU  ,40,16/10/2020,4.32,364,457,11868,9453,4070,213
37,FLAT H 4/F PO TIN BUILDING  ,39,16/10/2020,3.5,254,311,13780,11254,1960,35
38,FLAT D 1/F JADE COURT  ,32,15/10/2020,11.78,700,873,16829,13494,8738,107
39,FLAT E 14/F BLOCK 6 BEACON HEIGHTS ,33,15/10/2020,13,807,980,16109,13265,3737,85
40,FLAT L 6/F FOOK TIN BUILDING  ,40,12/10/2020,3.35,255,357,13137,9384,4778,283
41,FLAT C 2/F TOWER 4 (37 TAT CHEE AVE) PARC OASIS ,28,9/10/2020,11.5,566,705,20318,16312,2185,40
42,FLAT D G/F TOWER 14 (17 PARC OASIS RD) PARC OASIS ,28,8/10/2020,9.4,584,725,16096,12966,5602,125
43,FLAT B 6/F BLOCK B8 (NO. 49) PHASE 1 VILLAGE GARDENS,34,7/10/2020,30,1516,1773,19789,16920,-,
44,FLAT D 1/F TOWER 5 (35 TAT CHEE AVE) PARC OASIS ,28,7/10/2020,15.1,797,990,18946,15253,2917,47
45,FLAT C 3/F TOWER 33 (21 GRANDEUR RD) PARC OASIS ,25,6/10/2020,15.2,789,1033,19265,14714,8862,103
46,FLAT F 3/F TOWER 26 (37 GRANDEUR RD) PARC OASIS ,25,6/10/2020,10.6,560,706,18929,15014,2793,43
47,FLAT C 3/F VERVAIN GARDEN  ,31,5/10/2020,22,1060,1422,20755,15471,2252,56
48,FLAT A4 3/F BLOCK A FA PO VILLA  (with roof),54,25/9/2020,12,688,-,17442,-,-,
49,HOUSE 9 NO. 9 HOUSE 9 MONT ROUGE  (with garden flat roof),2,25/9/2020,160,2913,-,54926,-,-,-
50,FLAT A 5/F BLOCK 6 MONTE CARLTON ,19,23/9/2020,13.28,1073,1406,12377,9445,4552,104
51,FLAT A 4/F AMPLE BUILDING  ,40,23/9/2020,5.16,452,550,11416,9382,-,
52,HOUSE 12 NO. 9 HOUSE 12 MONT ROUGE  (with garden flat roof),2,16/9/2020,160.8,2932,-,54843,-,-,-
53,FLAT B 5/F TOWER 2 MONT ROUGE ,2,14/9/2020,83.25,1699,-,49000,-,-,-
54,FLAT A 1/F HANISON VILLA  ,27,9/9/2020,17.18,983,1131,17477,15190,2381,49
55,FLAT A 5/F TOWER 2 MONT ROUGE ,2,9/9/2020,86.48,1760,-,49136,-,-,-
56,FLAT D 3/F TAT CHEE COURT  ,35,8/9/2020,8.2,452,515,18142,15922,6787,195
57,FLAT B 6/F TOWER 2 MONT ROUGE ,2,7/9/2020,85,1699,-,50029,-,-,-
58,FLAT E 6/F FOOK TIN BUILDING  ,40,4/9/2020,3.65,254,337,14350,10816,-,
59,FLAT K 7/F KAM YUCK BUILDING  ,39,2/9/2020,3.28,234,249,14017,13173,5432,580
60,FLAT G 7/F TOWER 26 (37 GRANDEUR RD) PARC OASIS ,25,28/8/2020,10,522,652,19157,15337,3934,113
61,NO. 26 1/F 24-30 BEGONIA ROAD BEGONIA COURT ,61,27/8/2020,20.8,1356,-,15339,-,-,
62,FLAT F 6/F TOWER 22 (28 GRANDEUR RD) PARC OASIS ,26,26/8/2020,11,561,703,19608,15647,5653,182
63,FLAT A G/F TOWER 2 (41 TAT CHEE AVE) PARC OASIS  (with garden),28,26/8/2020,15,568,705,26408,21277,4672,183
64,FLAT D G/F TOWER 9 (7 PARC OASIS RD) PARC OASIS ,28,25/8/2020,9.03,450,560,20067,16125,2216,45
65,FLAT B 2/F PINE COURT  ,32,21/8/2020,23.68,1347,1635,17580,14483,2731,35
66,FLAT B 6/F BLOCK B7 (NO. 47) PHASE 2 VILLAGE GARDENS,34,21/8/2020,37.3,1562,1829,23882,20395,5683,198
67,FLAT A 6/F TOWER 2 MONT ROUGE ,2,21/8/2020,88,1760,-,50000,-,-,-
68,HOUSE 10 NO. 9 HOUSE 10 MONT ROUGE  (with garden flat roof),2,20/8/2020,158,2913,-,54240,-,-,-
69,FLAT A 7/F PAK YUK LAU  ,40,18/8/2020,4.43,364,457,12170,9694,5270,440
70,FLAT B2 1/F BLOCK B YAU YAT LAU ,54,14/8/2020,9.38,594,800,15791,11725,3766,81
71,FLAT B 6/F TOWER 13 (15 PARC OASIS RD) PARC OASIS ,28,14/8/2020,15.2,737,915,20624,16612,368,-8
72,FLAT A 2/F 25 ROSE STREET ROSE COURT ,53,14/8/2020,26.12,920,-,28391,-,-,
73,FLAT D 3/F TOWER 25 (34 GRANDEUR RD) PARC OASIS ,26,14/8/2020,10,559,703,17889,14225,4123,133
74,FLAT E 1/F BLOCK 2 BEACON HEIGHTS ,33,13/8/2020,13.8,807,1051,17100,13130,1814,25
75,FLAT A G/F TOWER 11 (11 PARC OASIS RD) PARC OASIS  (with garden),28,13/8/2020,12.7,566,703,22438,18065,3828,84
76,HOUSE 11 NO. 9 HOUSE 11 MONT ROUGE  (with garden flat roof),2,12/8/2020,156.53,2913,-,53735,-,-,-
77,FLAT E 7/F KAM YUCK BUILDING  ,39,10/8/2020,3.3,233,250,14163,13200,1838,28
78,FLAT C 9/F BLOCK 4 BEACON HEIGHTS ,33,6/8/2020,14.05,809,979,17367,14351,2689,54
79,FLAT B 1/F FOOK SUN VILLA  ,55,6/8/2020,14.48,976,-,14836,-,-,
80,FLAT E 6/F TOWER 7 (1 PARC OASIS RD) PARC OASIS ,28,5/8/2020,10.5,522,650,20115,16154,3638,98
81,FLAT A 6/F BLOCK B8 (NO. 49) PHASE 1 VILLAGE GARDENS,34,5/8/2020,30,1498,1783,20027,16826,-,
82,FLAT E 7/F TOWER 23 (32 GRANDEUR RD) PARC OASIS ,26,3/8/2020,12.78,654,821,19541,15566,4041,103
83,FLAT E 2/F TOWER 27 (35 GRANDEUR RD) PARC OASIS ,25,3/8/2020,11.28,560,706,20143,15977,4543,115
84,FLAT D 6/F TROPICANA 7 (BLOCK 20) TROPICANA DYNASTY HEIGHTS,22,3/8/2020,12,673,895,17831,13408,3399,60
85,FLAT A 13/F BLOCK 4 BEACON HEIGHTS ,33,30/7/2020,13.72,844,1022,16256,13425,3007,51
86,FLAT E 3/F JADE COURT   (with roof),32,30/7/2020,21,986,1292,21298,16254,7550,150
87,FLAT F 1/F TOWER 20 (45 TAT CHEE AVE) PARC OASIS  (with garden),28,28/7/2020,9.5,584,733,16267,12960,1709,-14
88,FLAT E 2/F CENTURY COURT  ,27,28/7/2020,8.98,423,555,21229,16180,1616,28
89,FLAT F 2/F TOWER 8 (3 PARC OASIS RD) PARC OASIS ,28,28/7/2020,10,522,650,19157,15385,5591,169
90,FLAT A 7/F BLOCK B13 (NO. 28) PHASE 3 VILLAGE GARDENS,33,27/7/2020,17.88,805,961,22211,18606,8603,138
91,FLAT E G/F TOWER 7 (1 PARC OASIS RD) PARC OASIS ,28,24/7/2020,10,522,650,19157,15385,1185,23
92,FLAT H 3/F TIN FUNG LAU  ,40,23/7/2020,4.13,315,394,13111,10482,1463,43
93,FLAT D 5/F TOWER 23 (32 GRANDEUR RD) PARC OASIS ,26,23/7/2020,11.7,559,703,20930,16643,2738,59
94,FLAT A 6/F TOWER 21 (26 GRANDEUR RD) PARC OASIS ,26,23/7/2020,11.7,561,703,20856,16643,2773,60
95,FLAT C 10/F BLOCK 7 BEACON HEIGHTS ,35,22/7/2020,14.32,1000,1160,14320,12345,-,
96,FLAT D 6/F TOWER 11 (11 PARC OASIS RD) PARC OASIS ,28,21/7/2020,9.3,450,560,20667,16607,1908,26
97,FLAT B 8/F BLOCK 6 BEACON HEIGHTS ,33,21/7/2020,13.2,807,980,16357,13469,2227,39
98,FLAT D 2/F TOWER 3 MOUNT BEACON ,14,21/7/2020,22,835,1133,26347,19417,5463,55
99,FLAT C 9/F SKY LODGE 1 (BLOCK 1) SKY LODGE DYNASTY HEIGHTS,21,21/7/2020,11.8,619,833,19063,14166,1926,29
100,FLAT C G/F BLOCK B15 (NO. 34) PHASE 3 VILLAGE GARDENS,33,14/7/2020,20,816,974,24510,20534,2813,49
101,FLAT B 2/F TOWER 29 (29 GRANDEUR RD) PARC OASIS ,25,14/7/2020,14.18,682,856,20792,16565,9030,171
102,FLAT B 3/F MARYLAND COURT  ,40,14/7/2020,28,1683,2000,16637,14000,3998,81
103,FLAT B 4/F BLOCK 4 BEACON HEIGHTS ,33,10/7/2020,12.38,807,980,15341,12633,6750,315
104,FLAT C 8/F FOOK TIN BUILDING  ,40,8/7/2020,4,254,337,15748,11869,-,
105,FLAT F 6/F TOWER 14 (17 PARC OASIS RD) PARC OASIS ,28,8/7/2020,11.5,603,750,19071,15333,2144,33
106,FLAT E 9/F TOWER 25 (34 GRANDEUR RD) PARC OASIS ,26,7/7/2020,13.88,654,821,21223,16906,2271,51
107,FLAT C 12/F TOWER 3 MOUNT BEACON ,14,6/7/2020,20.68,839,1133,24648,18252,2989,32
108,FLAT A 2/F BLOCK B17 (NO. 40) PHASE 3 VILLAGE GARDENS,33,2/7/2020,16.2,801,986,20225,16430,3045,80
109,FLAT F 13/F BLOCK 6 BEACON HEIGHTS ,33,26/6/2020,14.05,809,979,17367,14351,4581,158
110,FLAT E 6/F TOWER 4 (37 TAT CHEE AVE) PARC OASIS ,28,26/6/2020,13.88,657,815,21126,17031,-,
111,FLAT D G/F BLOCK 7 BEACON HEIGHTS ,35,24/6/2020,17.25,978,1148,17638,15026,1911,28
112,FLAT B 7/F TOWER 7 (1 PARC OASIS RD) PARC OASIS ,28,24/6/2020,13.63,657,817,20746,16683,4595,127
113,FLAT E 3/F BLOCK 4 BEACON HEIGHTS ,33,23/6/2020,11.33,807,980,14040,11561,2700,27
114,FLAT A 1/F TOWER 19 (47 TAT CHEE AVE) PARC OASIS ,28,22/6/2020,11.68,584,725,20000,16110,6577,317
115,NO. 32 2/F 32 ROSE STREET ROSE COURT ,53,22/6/2020,22.51,728,-,30920,-,-,
116,FLAT A 2/F BLOCK 8 MONTE CARLTON ,19,19/6/2020,13.28,1076,1411,12342,9412,1501,32
117,FLAT H 4/F KAM YUCK BUILDING  ,39,18/6/2020,3.09,224,242,13786,12760,3253,149
118,FLAT E 9/F PAK YUK LAU  ,40,18/6/2020,3.7,269,352,13755,10511,-,
119,FLAT C 2/F HANISON VILLA  ,27,18/6/2020,21.88,1294,1488,16909,14704,3502,65
120,FLAT A 7/F BLOCK 1 GRANDEUR VILLA ,29,18/6/2020,10.4,975,1338,10667,7773,4956,19
121,FLAT K 5/F AMPLE BUILDING  ,40,17/6/2020,5.25,410,490,12805,10714,-,
122,FLAT B 3/F BLOCK 7 MONTE CARLTON ,19,12/6/2020,13.88,1075,1408,12912,9858,2954,69
123,VILLA 2 NO. 9 VILLA 2 MONT ROUGE  (with garden flat roof),2,12/6/2020,370,4734,-,78158,-,-,-
124,FLAT B 3/F PO TIN BUILDING  ,39,11/6/2020,3.35,262,321,12786,10436,1416,26
125,FLAT B 4/F TOWER 32 (23 GRANDEUR RD) PARC OASIS ,25,11/6/2020,17.38,771,1005,22542,17294,1568,34
126,FLAT A 1/F BLOCK 6 BEACON HEIGHTS ,33,11/6/2020,12,845,1002,14201,11976,4589,128
127,FLAT A 3/F PARK VILLA  ,31,11/6/2020,16.38,827,937,19807,17481,7651,165
128,HOUSE 11 NO. 62 HOUSE 11 NO. 62 BEGONIA ROAD ,5,10/6/2020,153.61,4366,-,35183,-,-,-
129,FLAT D 12/F SKY LODGE 3 (BLOCK 3) SKY LODGE DYNASTY HEIGHTS,21,9/6/2020,10,681,-,14684,-,7745,106
130,FLAT F 9/F TOWER 19 (47 TAT CHEE AVE) PARC OASIS ,28,8/6/2020,11.98,584,725,20514,16524,3333,67
131,FLAT A 5/F KAM YUCK BUILDING  ,39,5/6/2020,3.48,234,249,14872,13976,3391,200
132,FLAT E 4/F TOWER 27 (35 GRANDEUR RD) PARC OASIS ,25,5/6/2020,10.79,560,706,19264,15280,1267,20
133,HOUSE 10 NO. 62 HOUSE 10 NO. 62 BEGONIA ROAD ,5,4/6/2020,146.8,4337,-,33848,-,-,-
134,FLAT G 5/F TOWER 11 (11 PARC OASIS RD) PARC OASIS ,28,3/6/2020,9.4,439,547,21412,17185,3300,72
135,FLAT C 9/F TOWER 12 (13 PARC OASIS RD) PARC OASIS ,28,3/6/2020,17,797,990,21330,17172,3468,82
136,FLAT C 11/F SKY LODGE 1 (BLOCK 1) SKY LODGE DYNASTY HEIGHTS,21,2/6/2020,12,619,-,19386,-,7742,171
137,FLAT G 3/F TOWER 11 (11 PARC OASIS RD) PARC OASIS ,28,2/6/2020,9.3,439,547,21185,17002,2593,43
138,FLAT G 10/F TOWER 9 (7 PARC OASIS RD) PARC OASIS ,28,2/6/2020,18,862,1094,20882,16453,-,
139,FLAT B 4/F TOWER 18 (49 TAT CHEE AVE) PARC OASIS ,28,1/6/2020,13.8,675,842,20444,16390,4294,111
140,VILLA 3 NO. 9 VILLA 3 MONT ROUGE  (with garden flat roof),2,1/6/2020,350,4734,-,73933,-,-,-
141,FLAT B 3/F PEONY GARDEN  ,30,29/5/2020,19.8,1071,-,18487,-,6422,230
142,FLAT C 8/F TOWER 27 (35 GRANDEUR RD) PARC OASIS ,25,28/5/2020,12.68,628,786,20191,16132,1711,27
143,FLAT B 3/F MARIGOLD COURT  ,42,26/5/2020,18.17,1014,-,17917,-,-,
144,FLAT A 7/F BLOCK B2 (NO. 19) PHASE 2 VILLAGE GARDENS,34,26/5/2020,32.98,1455,1753,22667,18813,4721,169
145,FLAT C 10/F TROPICANA 5 (BLOCK 22) TROPICANA DYNASTY HEIGHTS,22,25/5/2020,9.58,468,603,20470,15887,1891,23
146,FLAT F 3/F TOWER 10 (9 PARC OASIS RD) PARC OASIS ,28,21/5/2020,10,522,650,19157,15385,8137,100
147,FLAT E 8/F TIN FUNG LAU  ,40,21/5/2020,3.5,269,337,13011,10386,-,
148,FLAT E 5/F TOWER 3 (39 TAT CHEE AVE) PARC OASIS ,28,19/5/2020,14.2,657,815,21613,17423,2973,59
149,FLAT E 1/F TROPICANA 1 (BLOCK 26) TROPICANA DYNASTY HEIGHTS,22,19/5/2020,13.7,-,-,-,-,7826,136
150,FLAT E 2/F TROPICANA 1 (BLOCK 26) TROPICANA DYNASTY HEIGHTS,22,19/5/2020,10.7,-,830,-,12892,6584,161
151,FLAT A 5/F TOWER 2 (41 TAT CHEE AVE) PARC OASIS ,28,18/5/2020,11.5,568,705,20246,16312,2185,44
152,FLAT B 9/F TOWER 31 (25 GRANDEUR RD) PARC OASIS ,25,15/5/2020,16.38,771,1005,21245,16299,2646,37
153,FLAT A 1/F TOWER 11 (11 PARC OASIS RD) PARC OASIS ,28,14/5/2020,10.58,566,703,18693,15050,1356,24
154,FLAT C 12/F BLOCK 2 BEACON HEIGHTS ,33,13/5/2020,12.8,844,1022,15166,12524,-,
155,FLAT B 2/F TOWER 6 MOUNT BEACON ,14,7/5/2020,30.25,1168,1527,25899,19810,1765,11
156,FLAT F 3/F TOWER 7 (1 PARC OASIS RD) PARC OASIS ,28,6/5/2020,9.5,522,650,18199,14615,2031,19
157,FLAT B3 2/F BLOCK B ELITE VILLA ,41,5/5/2020,5.7,405,502,14074,11355,3980,93
158,FLAT M 10/F KAM YUCK BUILDING  ,39,28/4/2020,3.28,224,242,14643,13554,1115,25
159,FLAT F 3/F TOWER 15 (19 PARC OASIS RD) PARC OASIS ,28,27/4/2020,12.5,603,750,20730,16667,-,
160,FLAT L 3/F FOOK TIN BUILDING  ,40,27/4/2020,3.8,255,357,14902,10644,1461,41
161,FLAT B 3/F TOWER 23 (32 GRANDEUR RD) PARC OASIS ,26,27/4/2020,13.5,660,826,20455,16344,5936,303
162,FLAT F G/F TOWER 10 (9 PARC OASIS RD) PARC OASIS ,28,21/4/2020,10,522,650,19157,15385,8435,69
163,FLAT C 7/F TOWER 14 (17 PARC OASIS RD) PARC OASIS ,28,17/4/2020,11.18,584,725,19144,15421,7844,202
164,NO. 38 2/F 32-38 BEGONIA ROAD BEGONIA COURT ,61,16/4/2020,16.2,908,-,17841,-,-,
165,FLAT D 11/F BLOCK 4 BEACON HEIGHTS ,33,14/4/2020,13.43,845,1002,15891,13401,3464,71
166,FLAT P 1/F AMPLE BUILDING  ,40,14/4/2020,4.7,411,490,11436,9592,8122,188
167,FLAT A 1/F TOWER 9 (7 PARC OASIS RD) PARC OASIS ,28,9/4/2020,10,566,703,17668,14225,3996,140
168,FLAT H 6/F PAK YUK LAU  ,40,8/4/2020,4.45,315,394,14127,11294,1770,25
169,FLAT D 3/F TROPICANA 3 (BLOCK 23) TROPICANA DYNASTY HEIGHTS,22,8/4/2020,11.28,673,-,16761,-,7818,111
170,FLAT G 7/F TOWER 8 (3 PARC OASIS RD) PARC OASIS ,28,6/4/2020,8.1,439,547,18451,14808,3654,83
171,FLAT B 1/F 29 ROSE STREET ROSE COURT ,53,3/4/2020,23.8,920,-,25870,-,1523,103
172,FLAT B 1/F TOWER 4 (37 TAT CHEE AVE) PARC OASIS ,28,3/4/2020,12.68,652,807,19448,15713,7333,169
173,FLAT E 2/F HUNITY GARDEN  ,28,2/4/2020,8.9,507,631,17554,14105,3411,68
174,FLAT A G/F BLOCK 1 VILLA CARLTON ,20,2/4/2020,14.8,1244,1625,11897,9108,6362,196
175,FLAT A 5/F TOWER 26 (37 GRANDEUR RD) PARC OASIS ,25,1/4/2020,10.6,606,758,17492,13984,3502,54
176,FLAT 11 9/F NAM CHEONG COMMERCIAL BUILDING  ,46,1/4/2020,3.93,439,-,8952,-,-,
177,FLAT A 6/F TOWER 14 (17 PARC OASIS RD) PARC OASIS ,28,26/3/2020,12,603,750,19900,16000,4077,173
178,FLAT C 7/F BLOCK 2 GRANDEUR VILLA ,29,24/3/2020,14,858,1181,16317,11854,8112,31
179,FLAT B 8/F TROPICANA 7 (BLOCK 20) TROPICANA DYNASTY HEIGHTS,22,23/3/2020,23.38,994,1290,23521,18124,3628,104
180,FLAT D 2/F TOWER 23 (32 GRANDEUR RD) PARC OASIS ,26,11/3/2020,11.8,559,703,21109,16785,2921,74
181,FLAT A 8/F TO YUEN MANSION  ,32,10/3/2020,14,873,1009,16037,13875,2971,33
182,FLAT B 3/F TOWER 28 (33 GRANDEUR RD) PARC OASIS ,25,10/3/2020,12.66,674,846,18788,14968,2730,55
183,FLAT L 8/F PAK YUK LAU  ,40,5/3/2020,3.95,308,384,12825,10286,6491,481
184,FLAT D 2/F TOWER 2 (41 TAT CHEE AVE) PARC OASIS ,28,4/3/2020,11,566,705,19435,15603,3966,151
185,FLAT B 14/F BLOCK 4 BEACON HEIGHTS ,33,2/3/2020,12,807,980,14870,12245,3591,76
186,FLAT E 8/F TOWER 9 (7 PARC OASIS RD) PARC OASIS ,28,28/2/2020,9.8,522,650,18774,15077,4094,151
187,FLAT C 1/F TOWER 32 (23 GRANDEUR RD) PARC OASIS ,25,26/2/2020,16.65,775,1030,21484,16165,4441,75
188,FLAT A 2/F MAYFAIR COURT  ,39,25/2/2020,22.5,1244,1516,18087,14842,-,
189,FLAT A 1/F AMPLE BUILDING  ,40,25/2/2020,5.12,452,550,11327,9309,-,
190,FLAT A 1/F BLOCK 1 BEACON HEIGHTS ,35,18/2/2020,15,1179,1354,12723,11078,3565,67
191,FLAT D3 3/F BLOCK D ELITE VILLA ,41,17/2/2020,7.48,405,502,18469,14900,1852,21
192,FLAT B 9/F TOWER 32 (23 GRANDEUR RD) PARC OASIS ,25,17/2/2020,18,771,1005,23346,17910,3862,131
193,FLAT D 3/F TOWER 12 (13 PARC OASIS RD) PARC OASIS ,28,13/2/2020,16.8,797,990,21079,16970,-,
194,FLAT D 10/F BLOCK 4 BEACON HEIGHTS ,33,11/2/2020,13.88,845,1002,16426,13852,7473,179
195,FLAT C 2-3/F MAN WAH COURT  ,36,5/2/2020,27.18,1332,1515,20405,17941,1209,18
196,FLAT E 6/F TOWER 6 (6 GRANDEUR RD) PARC OASIS ,28,3/2/2020,13.5,657,815,20548,16564,5015,151
197,FLAT C 2/F TOWER 22 (28 GRANDEUR RD) PARC OASIS ,26,22/1/2020,10,559,703,17889,14225,5015,151
198,FLAT B3 2/F BLOCK B ANGELA COURT ,41,17/1/2020,14,801,807,17478,17348,5346,199
199,FLAT A 6/F TOWER 1 MOUNT BEACON ,14,10/1/2020,35,1478,1950,23681,17949,2000,4
200,FLAT L 3/F KAM YUCK BUILDING  ,39,9/1/2020,3.1,224,242,13839,12810,-,
201,FLAT D 9/F BLOCK 2 CALDECOTT HILL ,16,31/12/2019,12.2,764,998,15969,12224,3318,68
202,FLAT J 9/F FOOK TIN BUILDING  ,40,27/12/2019,4,248,337,16129,11869,759,31
203,FLAT A 8/F TOWER 2 THE CALDECOTT ,16,23/12/2019,30,1669,2325,17975,12903,3305,42
204,FLAT B 7/F TROPICANA 2 (BLOCK 25) TROPICANA DYNASTY HEIGHTS,22,20/12/2019,12,620,818,19355,14670,4648,131
205,FLAT 4 8/F NAM CHEONG COMMERCIAL BUILDING  ,46,17/12/2019,4.68,375,-,12480,-,-,
206,FLAT E 3/F TOWER 15 (19 PARC OASIS RD) PARC OASIS ,28,13/12/2019,14.5,675,842,21480,17219,3700,116
207,FLAT B2 2/F BLOCK B ELITE VILLA ,41,10/12/2019,9.1,506,620,17984,14677,3306,94
208,FLAT C 2/F TROPICANA 6 (BLOCK 21) TROPICANA DYNASTY HEIGHTS,22,6/12/2019,8.93,495,638,18030,13989,4333,138
209,FLAT A G/F BLOCK 2 GRANDEUR VILLA ,29,27/11/2019,22.18,977,1355,22702,16369,4914,169
210,FLAT G 2/F TOWER 28 (33 GRANDEUR RD) PARC OASIS ,25,25/11/2019,9.85,522,652,18870,15107,1959,43
211,FLAT G 7/F TOWER 11 (11 PARC OASIS RD) PARC OASIS ,28,22/11/2019,10,439,547,22777,18280,-,
212,FLAT A 1/F BLOCK 10 BEACON HEIGHTS ,33,22/11/2019,16.9,1312,1497,12881,11289,7499,132
213,FLAT C G-1/F 1 WISTARIA ROAD  ,36,20/11/2019,28.06,1276,-,21991,-,-,
214,FLAT D 2/F TOWER 8 (3 PARC OASIS RD) PARC OASIS ,28,18/11/2019,9.5,450,560,21111,16964,1220,40
215,FLAT B 2/F 31 ROSE STREET ROSE COURT ,53,14/11/2019,24.38,920,-,26500,-,-,
216,FLAT B 3/F 26 ROSE STREET ROSE COURT ,53,14/11/2019,31.87,929,-,34301,-,5784,0
217,FLAT B 3/F 30 ROSE STREET ROSE COURT ,53,14/11/2019,31.82,913,-,34853,-,-,
218,FLAT B 2/F 23 ROSE STREET ROSE COURT ,53,14/11/2019,25.96,927,-,28000,-,-,
219,FLAT B 3/F 31 ROSE STREET ROSE COURT ,53,14/11/2019,32.02,920,-,34801,-,-,
220,FLAT B 1/F 33 ROSE STREET ROSE COURT ,53,14/11/2019,24.02,-,-,-,-,-,
221,FLAT B 2/F 25 ROSE STREET ROSE COURT ,53,14/11/2019,25.76,920,-,28000,-,6139,837
222,FLAT A 1/F 29 ROSE STREET ROSE COURT ,53,14/11/2019,25.76,920,-,28000,-,-,
223,FLAT A 1/F TOWER 4 (37 TAT CHEE AVE) PARC OASIS ,28,12/11/2019,10.88,568,705,19155,15433,3017,71
224,HOUSE 9 NO. 62 HOUSE 9 NO. 62 BEGONIA ROAD ,5,12/11/2019,128,3244,-,39457,-,-,-
225,FLAT B 1/F 25 ROSE STREET ROSE COURT ,53,12/11/2019,25.76,920,-,28000,-,-,
226,FLAT B 10/F TOWER 3 MOUNT BEACON ,14,11/11/2019,30,1168,1537,25685,19519,4487,50
227,FLAT B 2/F 26 ROSE STREET ROSE COURT ,53,11/11/2019,26.01,929,-,28000,-,-,
228,NO. 28 1/F 28 ROSE STREET ROSE COURT ,53,11/11/2019,28.31,1011,-,28000,-,-,
229,FLAT B 1/F 23 ROSE STREET ROSE COURT ,53,11/11/2019,25.96,927,-,28000,-,-,
230,FLAT B 2/F 30 ROSE STREET ROSE COURT ,53,11/11/2019,25.56,913,-,28000,-,4709,401
231,FLAT A 1/F BLOCK 7 MONTE CARLTON ,19,8/11/2019,11.5,1070,1396,10748,8238,4264,102
232,FLAT J 4/F FOOK TIN BUILDING  ,40,7/11/2019,3.93,248,337,15847,11662,-,
233,FLAT A 3/F 23 ROSE STREET ROSE COURT ,53,7/11/2019,32.02,927,-,34540,-,-,
234,FLAT B 1/F 31 ROSE STREET ROSE COURT ,53,7/11/2019,24.38,920,-,26500,-,-,
235,FLAT A 2/F 26 ROSE STREET ROSE COURT ,53,7/11/2019,22.79,814,-,28000,-,-,
236,FLAT B 2/F 34 ROSE STREET ROSE COURT ,53,7/11/2019,21.53,769,-,28000,-,6300,857
237,FLAT B 2/F 24 ROSE STREET ROSE COURT ,53,7/11/2019,25.76,920,-,28000,-,-,
238,FLAT A 2/F 33 ROSE STREET ROSE COURT ,53,7/11/2019,22.21,-,-,-,-,7154,542
239,FLAT B 3/F 27 ROSE STREET ROSE COURT ,53,7/11/2019,33.79,981,-,34444,-,-,
240,FLAT B 1/F 30 ROSE STREET ROSE COURT ,53,7/11/2019,25.56,913,-,28000,-,6252,782
241,FLAT C 11/F SKY LODGE 2 (BLOCK 2) SKY LODGE DYNASTY HEIGHTS,21,5/11/2019,11.8,620,833,19032,14166,1918,35
242,FLAT A 1/F 30 ROSE STREET ROSE COURT ,53,4/11/2019,25.56,913,-,28000,-,-,
243,FLAT A 1/F 26 ROSE STREET ROSE COURT ,53,4/11/2019,22.79,814,1050,28000,21707,5839,729
244,FLAT A 2/F 23 ROSE STREET ROSE COURT ,53,4/11/2019,25.96,927,-,28000,-,-,
245,FLAT B 1/F 24 ROSE STREET ROSE COURT ,53,4/11/2019,24.38,920,-,26500,-,-,
246,FLAT A 3/F 27 ROSE STREET ROSE COURT ,53,4/11/2019,32.09,934,-,34360,-,-,
247,FLAT C 2/F BLOCK 4 BEACON HEIGHTS ,33,1/11/2019,12,809,979,14833,12257,7911,105
248,FLAT B 7/F BLOCK 5 BEACON HEIGHTS ,35,1/11/2019,15,1130,1303,13274,11512,917,-7
249,FLAT D 9/F TOWER 28 (33 GRANDEUR RD) PARC OASIS ,25,31/10/2019,11.28,521,651,21651,17327,4467,191
250,FLAT A 2/F 34 ROSE STREET ROSE COURT ,53,31/10/2019,22.74,812,-,28000,-,5653,606
251,NO. 32 1/F 32 ROSE STREET ROSE COURT ,53,31/10/2019,20.38,728,-,28000,-,-,
252,FLAT A 1/F 31 ROSE STREET ROSE COURT ,53,31/10/2019,24.38,920,-,26500,-,-,
253,FLAT A 2/F 27 ROSE STREET ROSE COURT ,53,31/10/2019,26.15,934,-,28000,-,4255,276
254,FLAT B 3/F 29 ROSE STREET ROSE COURT ,53,31/10/2019,32.02,920,-,34801,-,-,
255,FLAT B 3/F 25 ROSE STREET ROSE COURT ,53,31/10/2019,32.02,920,-,34801,-,-,
256,FLAT A 1/F 23 ROSE STREET ROSE COURT ,53,31/10/2019,25.96,927,-,28000,-,1328,145
257,REAR 1/F TIE YUEN  ,65,29/10/2019,29,1484,-,19542,-,1894,38
258,FLAT B 3/F 23 ROSE STREET ROSE COURT ,53,28/10/2019,32.02,927,-,34540,-,3996,378
259,FLAT B 3/F 34 ROSE STREET ROSE COURT ,53,28/10/2019,26.63,769,-,34629,-,-,
260,NO. 28 3/F 28 ROSE STREET ROSE COURT ,53,28/10/2019,33.2,1011,-,32836,-,-,
261,FLAT A 3/F 31 ROSE STREET ROSE COURT ,53,28/10/2019,32.07,920,-,34863,-,1938,158
262,FLAT A 3/F 24 ROSE STREET ROSE COURT ,53,28/10/2019,32.02,920,-,34801,-,1850,156
263,FLAT F 2/F MAGNOLIA COURT  ,42,24/10/2019,15,825,-,18182,-,2415,47
264,NO. 28 2/F 28 ROSE STREET ROSE COURT ,53,24/10/2019,28.31,1011,-,28000,-,-,
265,FLAT A 3/F 29 ROSE STREET ROSE COURT ,53,24/10/2019,32.02,920,-,34801,-,1139,143
266,FLAT B 3/F 24 ROSE STREET ROSE COURT ,53,24/10/2019,32.02,-,1300,-,24628,5774,856
267,FLAT A 1/F 33 ROSE STREET ROSE COURT ,53,24/10/2019,23.32,833,1022,28000,22822,-,
268,FLAT B 1/F 34 ROSE STREET ROSE COURT ,53,24/10/2019,21.53,769,-,28000,-,2597,156
269,NO. 32 3/F 32 ROSE STREET ROSE COURT ,53,24/10/2019,25.07,728,-,34438,-,3215,241
270,FLAT B 1/F 27 ROSE STREET ROSE COURT ,53,24/10/2019,27.47,981,-,28000,-,-,
271,FLAT A 3/F 25 ROSE STREET ROSE COURT ,53,24/10/2019,32.02,920,-,34801,-,-,
272,FLAT A 3/F BLOCK B18 (NO. 44) PHASE 3 VILLAGE GARDENS,33,22/10/2019,16.1,759,915,21212,17596,-,
273,FLAT A 1/F 27 ROSE STREET ROSE COURT ,53,21/10/2019,26.15,934,-,28000,-,-,
274,FLAT A 3/F 26 ROSE STREET ROSE COURT ,53,21/10/2019,28.26,814,-,34714,-,-,
275,FLAT B 2/F 29 ROSE STREET ROSE COURT ,53,21/10/2019,25.76,920,-,28000,-,-,
276,FLAT D 3/F TOWER 17 (51 TAT CHEE AVE) PARC OASIS ,28,11/10/2019,12.45,603,750,20647,16600,1568,26
277,HOUSE 3 NO. 1 HOUSE 3 CONWELL VILLA ,23,9/10/2019,37,1764,-,20975,-,-,
278,FLAT B 2/F TOWER 12 (13 PARC OASIS RD) PARC OASIS ,28,9/10/2019,15.12,737,915,20516,16525,3185,74
279,FLAT A 5/F BLOCK B17 (NO. 40) PHASE 3 VILLAGE GARDENS,33,8/10/2019,16,801,986,19975,16227,8886,188
280,FLAT D 6/F FOOK TIN BUILDING  ,40,27/9/2019,3.68,254,337,14488,10920,4302,328
281,FLAT E 3/F TOWER 25 (34 GRANDEUR RD) PARC OASIS ,26,20/9/2019,13.98,654,821,21376,17028,8217,86
282,FLAT A 6/F BLOCK 8 VILLA CARLTON ,20,18/9/2019,17,1386,1810,12266,9392,4851,136
283,FLAT B 2/F 27 ROSE STREET ROSE COURT ,53,13/9/2019,28,981,1200,28542,23333,6038,0
284,FLAT B 3/F 33 ROSE STREET ROSE COURT ,53,13/9/2019,24,858,-,27972,-,3963,269
285,NO. 36 G/F 32-38 BEGONIA ROAD BEGONIA COURT ,61,10/9/2019,16.5,910,-,18132,-,2699,313
286,FLAT B 10/F BLOCK 2 BEACON HEIGHTS ,33,30/8/2019,16,807,980,19827,16327,2993,74
287,FLAT D 3/F PEAK GARDEN COURT  ,24,26/8/2019,14.06,554,719,25379,19555,8183,77
288,FLAT A 8/F TOWER 9 (7 PARC OASIS RD) PARC OASIS ,28,21/8/2019,11.8,566,703,20848,16785,3139,85
289,FLAT A 2/F BLOCK 2 MONTE CARLTON ,19,21/8/2019,14,1073,1406,13048,9957,-,
290,FLAT B 6/F TOWER 13 (15 PARC OASIS RD) PARC OASIS ,28,14/8/2019,16.6,737,915,22524,18142,8451,160
291,FLAT D 6/F TOWER 19 (47 TAT CHEE AVE) PARC OASIS ,28,14/8/2019,13.68,603,750,22687,18240,3959,168
292,FLAT D2 2/F BLOCK D ELITE VILLA ,41,14/8/2019,8.5,506,612,16798,13889,2659,42
293,FLAT H 10/F KAM YUCK BUILDING  ,39,13/8/2019,3.32,224,242,14821,13719,3478,300
294,FLAT A 10/F TOWER 29 (29 GRANDEUR RD) PARC OASIS ,25,9/8/2019,15,595,745,25210,20134,4164,162
295,FLAT B 11/F SKY LODGE 5 (BLOCK 5) SKY LODGE DYNASTY HEIGHTS,21,8/8/2019,34.8,1198,-,29048,-,1529,427
296,FLAT C G/F MOON VILLA  ,41,6/8/2019,17.14,673,-,25465,-,4571,139
297,FLAT B 3/F TROPICANA 6 (BLOCK 21) TROPICANA DYNASTY HEIGHTS,22,6/8/2019,20,955,-,20942,-,1434,20
298,NO. 29 NO. 29 29 FA PO STREET PHASE 2 VILLAGE GARDENS,34,2/8/2019,56,1817,-,30820,-,-,
299,FLAT A 3/F TIN FUNG LAU  ,40,1/8/2019,3.9,364,457,10714,8534,-,
300,FLAT C 10/F SKY LODGE 5 (BLOCK 5) SKY LODGE DYNASTY HEIGHTS,21,29/7/2019,14.38,620,-,23194,-,7405,211
301,FLAT D 7/F TOWER 7 (1 PARC OASIS RD) PARC OASIS ,28,25/7/2019,10.3,450,560,22889,18393,2856,78
302,FLAT C 3/F BLOCK 1 BEACON HEIGHTS ,35,22/7/2019,11,1000,1160,11000,9483,3278,47
303,FLAT D 8/F SKY LODGE 2 (BLOCK 2) SKY LODGE DYNASTY HEIGHTS,21,22/7/2019,14.8,681,886,21733,16704,1156,63
304,FLAT D G/F BLOCK 2 BEACON HEIGHTS ,33,18/7/2019,15.2,844,1045,18009,14545,3485,98
305,FLAT C 2/F PEONY COURT  ,31,12/7/2019,12,784,873,15306,13746,-,
306,FLAT A 1/F TOWER 12 (13 PARC OASIS RD) PARC OASIS ,28,11/7/2019,16,737,915,21710,17486,7399,300
307,FLAT B 10/F TOWER 21 (26 GRANDEUR RD) PARC OASIS ,26,11/7/2019,15.43,660,826,23379,18680,3640,127
308,FLAT G 3/F FOOK TIN BUILDING  ,40,5/7/2019,3.3,254,330,12992,10000,1106,29
309,FLAT A 1/F BLOCK 6 MONTE CARLTON ,19,3/7/2019,14,1073,1406,13048,9957,2378,69
310,FLAT A 3/F TROPICANA 7 (BLOCK 20) TROPICANA DYNASTY HEIGHTS,22,28/6/2019,19.8,969,-,20433,-,2584,45
311,FLAT D 1/F TOWER 19 (47 TAT CHEE AVE) PARC OASIS ,28,28/6/2019,13.57,603,755,22501,17971,1379,35
312,FLAT E 1/F AMPLE BUILDING  ,40,27/6/2019,4.68,396,474,11818,9873,-,
313,FLAT B 2/F BLOCK 1 VILLA CARLTON ,20,27/6/2019,17.38,1337,1735,12999,10017,1891,53
314,FLAT C 12/F SKY LODGE 6 (BLOCK 6) SKY LODGE DYNASTY HEIGHTS,21,26/6/2019,35.51,1604,-,22138,-,1341,6
315,FLAT D 3/F BLOCK 14 BEACON HEIGHTS ,33,21/6/2019,22.8,1304,1478,17485,15426,4012,107
316,FLAT F 3/F TOWER 28 (33 GRANDEUR RD) PARC OASIS ,25,21/6/2019,10,560,706,17857,14164,7004,158
317,FLAT 5 8/F NAM CHEONG COMMERCIAL BUILDING  ,46,20/6/2019,4,394,-,10152,-,5161,488
318,FLAT B 3/F TOWER 10 (9 PARC OASIS RD) PARC OASIS ,28,18/6/2019,13,657,817,19787,15912,3079,63
319,FLAT C 6/F SKY LODGE 1 (BLOCK 1) SKY LODGE DYNASTY HEIGHTS,21,14/6/2019,10.62,619,833,17157,12749,5099,120
320,FLAT C 2/F BLOCK B13 (NO. 28) PHASE 3 VILLAGE GARDENS,33,14/6/2019,21,801,956,26217,21967,6326,379
321,FLAT A 7/F TOWER 2 MONT ROUGE  (with roof flat roof),2,14/6/2019,307.13,3017,-,101800,-,-,-
322,FLAT J 2/F KAM YUCK BUILDING  ,39,13/6/2019,3.3,234,249,14103,13253,2398,108
323,FLAT A G/F WISTARIA GARDENS  ,30,13/6/2019,18.08,798,919,22657,19674,7711,229
324,FLAT B G/F BLOCK B8 (NO. 49) PHASE 1 VILLAGE GARDENS,34,12/6/2019,50,1563,1833,31990,27278,4360,181
325,FLAT B 13/F BLOCK 6 BEACON HEIGHTS ,33,12/6/2019,15,807,980,18587,15306,3020,99
326,FLAT A 3/F KING HONG COURT  ,42,11/6/2019,17.5,806,-,21712,-,-,
327,FLAT B 3/F KING HONG COURT  ,42,11/6/2019,18,856,-,21028,-,-,
328,FLAT B3 1/F BLOCK B FA PO VILLA ,54,10/6/2019,11.38,688,-,16541,-,3143,78
329,FLAT A 9/F TOWER 9 (7 PARC OASIS RD) PARC OASIS ,28,10/6/2019,12.1,566,703,21378,17212,3583,141
330,FLAT B 1/F BLOCK 5 BEACON HEIGHTS ,35,10/6/2019,15,1043,1207,14382,12428,8000,67
331,FLAT B 8/F TOWER 20 (45 TAT CHEE AVE) PARC OASIS ,28,6/6/2019,15.58,675,842,23081,18504,1840,69
332,FLAT A 2/F TOWER 25 (34 GRANDEUR RD) PARC OASIS ,26,6/6/2019,11.8,561,703,21034,16785,3387,129
333,HOUSE 2 NO. 62 HOUSE 2 NO. 62 BEGONIA ROAD ,5,5/6/2019,159.2,3959,-,40212,-,-,-
334,FLAT A 5/F TOWER 31 (25 GRANDEUR RD) PARC OASIS ,25,5/6/2019,17,792,1033,21465,16457,8627,200
335,FLAT A 6/F TOWER 1 THE CALDECOTT ,16,4/6/2019,31,1669,2325,18574,13333,5585,108
336,FLAT B 10/F TOWER 26 (37 GRANDEUR RD) PARC OASIS ,25,4/6/2019,16,674,846,23739,18913,4644,176
337,FLAT G 4/F TOWER 7 (1 PARC OASIS RD) PARC OASIS ,28,4/6/2019,9.89,439,547,22528,18080,3492,150
338,FLAT E 8/F TOWER 21 (26 GRANDEUR RD) PARC OASIS ,26,4/6/2019,15,654,821,22936,18270,4148,138
339,FLAT D4 2/F BLOCK D ELITE VILLA ,41,3/6/2019,8.18,415,510,19711,16039,5040,225
340,FLAT E 4/F TOWER 4 (37 TAT CHEE AVE) PARC OASIS ,28,3/6/2019,14.68,657,815,22344,18012,1453,25
341,FLAT A 5/F BLOCK 19 BEACON HEIGHTS ,34,31/5/2019,15.6,905,1051,17238,14843,1300,65
342,FLAT B 3/F BLOCK 2 MONTE CARLTON ,19,28/5/2019,14,1073,1411,13048,9922,5260,202
343,FLAT C G/F TOWER 11 (11 PARC OASIS RD) PARC OASIS ,28,23/5/2019,15,591,741,25381,20243,-,
344,FLAT A 7/F BLOCK 6 VILLA CARLTON ,20,23/5/2019,17,1337,1735,12715,9798,6361,194
345,FLAT B 7/F BLOCK 6 VILLA CARLTON ,20,23/5/2019,17,1337,1735,12715,9798,4498,130
346,FLAT D 3/F CASSIA COURT  ,42,22/5/2019,17.7,746,833,23727,21248,1347,4
347,FLAT B 6/F PO TIN BUILDING  ,39,21/5/2019,4,262,321,15267,12461,4072,355
348,NO. 6 (FLAT B) 2/F WINFIELD GARDENS  ,53,21/5/2019,35,1482,-,23617,-,4333,200
349,FLAT F 7/F TOWER 25 (34 GRANDEUR RD) PARC OASIS ,26,20/5/2019,12.5,561,703,22282,17781,3448,138
350,FLAT C 9/F TIN FUNG LAU  ,40,16/5/2019,3.8,258,340,14729,11176,3505,239
351,FLAT 7 8/F NAM CHEONG COMMERCIAL BUILDING  ,46,15/5/2019,3.3,347,533,9510,6191,5039,365
352,FLAT A 3/F HUNITY GARDEN  ,28,15/5/2019,21,892,1223,23543,17171,3258,123
353,FLAT D 9/F TOWER 22 (28 GRANDEUR RD) PARC OASIS ,26,14/5/2019,12.08,559,703,21610,17183,3254,112
354,FLAT B 9/F TIN FUNG LAU  ,40,14/5/2019,4.53,364,477,12445,9497,2079,92
355,FLAT A G/F JADE COURT  ,41,7/5/2019,18.8,1006,1071,18688,17554,2357,19
356,HOUSE 3 NO. 9 HOUSE 3 MONT ROUGE ,2,7/5/2019,235,2846,-,82572,-,-,-
357,HOUSE 5 NO. 9 HOUSE 5 MONT ROUGE ,2,7/5/2019,235,2846,-,82572,-,-,-
358,FLAT B 1/F AMPLE BUILDING  ,40,6/5/2019,4.45,410,490,10854,9082,-,
359,FLAT A 5/F BLOCK B7 (NO. 47) PHASE 2 VILLAGE GARDENS,34,6/5/2019,33.5,1496,1758,22393,19056,1603,22
360,FLAT D 9/F TIN FUNG LAU  ,40,3/5/2019,3.38,258,340,13101,9941,5297,550
361,FLAT A G/F BLOSSOM GARDEN  ,31,3/5/2019,30.4,1431,1581,21244,19228,1785,22
362,FLAT D 1/F OSMANTHUS COURT  ,43,3/5/2019,12.4,880,920,14091,13478,-,
363,FLAT A 11/F BLOCK 2 BEACON HEIGHTS ,33,30/4/2019,14.18,845,1002,16781,14152,2118,48
364,FLAT B 1/F TOWER 14 (17 PARC OASIS RD) PARC OASIS ,28,30/4/2019,14.35,681,842,21072,17043,2590,56
365,FLAT C G/F BLOCK 15 BEACON HEIGHTS ,34,30/4/2019,13.4,900,1045,14889,12823,-,
366,FLAT D G/F TOWER 16 (21 PARC OASIS RD) PARC OASIS ,28,26/4/2019,11,584,725,18836,15172,3050,88
367,FLAT D 6/F BLOCK B15 (NO. 34) PHASE 3 VILLAGE GARDENS,33,26/4/2019,19.98,803,959,24882,20834,-,
368,FLAT A 1/F ONWARD COURT  ,41,25/4/2019,21.5,1194,-,18007,-,-,
369,FLAT H 6/F PO TIN BUILDING  ,39,25/4/2019,3.73,254,311,14685,11994,4904,572
370,HOUSE 3 NO. 62 HOUSE 3 NO. 62 BEGONIA ROAD ,5,24/4/2019,158.1,3958,-,39944,-,-,-
371,FLAT E 8/F BLOCK 2 BEACON HEIGHTS ,33,24/4/2019,12.8,807,980,15861,13061,3673,157
372,FLAT C 2/F TOWER 5 (35 TAT CHEE AVE) PARC OASIS ,28,23/4/2019,16.8,797,990,21079,16970,2252,53
373,FLAT B 1/F 10 MARIGOLD ROAD  ,37,18/4/2019,22.3,1197,-,18630,-,5044,219
374,FLAT D 2/F SUPER TOWER  ,42,18/4/2019,17.8,847,1050,21015,16952,4506,174
375,FLAT D 2/F BLOCK 19 BEACON HEIGHTS ,34,16/4/2019,12.8,905,1051,14144,12179,7699,144
376,FLAT C 8/F TOWER 14 (17 PARC OASIS RD) PARC OASIS ,28,16/4/2019,12.88,584,725,22055,17766,4113,139
377,FLAT D 9/F TOWER 3 MOUNT BEACON ,14,15/4/2019,20,835,1133,23952,17652,3593,72
378,FLAT B 2/F BLOCK 6 BEACON HEIGHTS ,33,12/4/2019,13.1,807,980,16233,13367,3242,106
379,FLAT C 2/F TOWER 27 (35 GRANDEUR RD) PARC OASIS ,25,11/4/2019,12,628,786,19108,15267,3142,91
380,FLAT C 6/F TOWER 1 MOUNT BEACON ,14,11/4/2019,42.98,1281,1689,33552,25447,2902,55
381,FLAT B4 3/F BLOCK B ANGELA COURT ,41,10/4/2019,15.19,744,826,20417,18390,3059,84
382,FLAT B 7/F TOWER 1 MOUNT BEACON ,14,9/4/2019,47.8,1459,1935,32762,24703,3072,41
383,FLAT F 7/F TOWER 22 (28 GRANDEUR RD) PARC OASIS ,26,9/4/2019,11.28,561,703,20107,16046,1683,40
384,FLAT C 10/F TOWER 12 (13 PARC OASIS RD) PARC OASIS ,28,8/4/2019,29.38,1311,1605,22410,18305,4271,145
385,FLAT A 1/F BLOCK B4 (NO. 23) PHASE 2 VILLAGE GARDENS,34,4/4/2019,36.8,1496,1758,24599,20933,4113,158
386,FLAT A G/F BISNEY COURT  ,30,2/4/2019,23.38,1217,-,19211,-,2488,35
387,FLAT C 2/F TOWER 20 (45 TAT CHEE AVE) PARC OASIS ,28,1/4/2019,11.5,603,750,19071,15333,1543,32
388,FLAT F 8/F TOWER 7 (1 PARC OASIS RD) PARC OASIS ,28,29/3/2019,10.28,522,650,19693,15815,3484,120
389,FLAT B 6/F TOWER 19 (47 TAT CHEE AVE) PARC OASIS ,28,28/3/2019,13.8,675,842,20444,16390,5627,334
390,FLAT C 9/F TOWER 29 (29 GRANDEUR RD) PARC OASIS ,25,28/3/2019,10.96,569,711,19262,15415,8568,195
391,FLAT C 5/F TOWER 16 (21 PARC OASIS RD) PARC OASIS ,28,28/3/2019,12.25,584,725,20976,16897,1504,31
392,FLAT A 2/F TOWER 28 (33 GRANDEUR RD) PARC OASIS ,25,21/3/2019,10.4,606,758,17162,13720,6875,168
393,FLAT D 7/F TOWER 27 (35 GRANDEUR RD) PARC OASIS ,25,18/3/2019,9.78,521,651,18772,15023,3542,116
394,FLAT B G/F TOWER 17 (51 TAT CHEE AVE) PARC OASIS ,28,18/3/2019,12.8,675,842,18963,15202,1663,40
395,FLAT B 9/F KAM YUCK BUILDING  ,39,13/3/2019,3,224,242,13393,12397,379,0
396,FLAT F 1/F BLOCK 4 BEACON HEIGHTS ,33,8/3/2019,12.2,844,1022,14455,11937,7043,182
397,FLAT A 3/F TOWER 31 (25 GRANDEUR RD) PARC OASIS ,25,7/3/2019,17,792,1033,21465,16457,1270,12
398,FLAT D 3/F TROPICANA 2 (BLOCK 25) TROPICANA DYNASTY HEIGHTS,22,6/3/2019,10.38,622,827,16688,12551,3578,113
399,FLAT A 1/F 10 MARIGOLD ROAD  ,37,6/3/2019,21.8,1197,-,18212,-,-,
400,NO. 68 NO. 68 68 TAT CHEE AVENUE PHASE 1 VILLAGE GARDENS,34,28/2/2019,45,1852,-,24298,-,-,
401,HOUSE 5 NO. 62 HOUSE 5 NO. 62 BEGONIA ROAD ,5,26/2/2019,168,3950,-,42532,-,-,-
402,FLAT B 2/F TOWER 8 (3 PARC OASIS RD) PARC OASIS ,28,25/2/2019,12.78,657,817,19452,15643,3573,139
403,FLAT A 5/F TROPICANA 5 (BLOCK 22) TROPICANA DYNASTY HEIGHTS,22,21/2/2019,16.8,894,1166,18792,14408,3441,80
404,FLAT B 1/F FORTUNE GARDEN  ,28,20/2/2019,10.38,530,703,19585,14765,1531,28
405,FLAT F 2/F TOWER 17 (51 TAT CHEE AVE) PARC OASIS ,28,18/2/2019,9.8,584,725,16781,13517,-,
406,FLAT B 3/F BLOCK 1 GRANDEUR VILLA ,29,12/2/2019,23.93,1028,1410,23278,16972,-,
407,FLAT A 9/F SKY LODGE 1 (BLOCK 1) SKY LODGE DYNASTY HEIGHTS,21,12/2/2019,21.5,1168,1528,18408,14071,2143,1
408,FLAT C 11/F SKY LODGE 5 (BLOCK 5) SKY LODGE DYNASTY HEIGHTS,21,8/2/2019,10.5,620,833,16935,12605,2432,44
409,FLAT B 5/F SKY LODGE 1 (BLOCK 1) SKY LODGE DYNASTY HEIGHTS,21,1/2/2019,30.28,1157,1570,26171,19287,1420,26
410,FLAT A 1/F BLOCK 5 BEACON HEIGHTS ,35,1/2/2019,14.8,1039,1207,14244,12262,4376,192
411,FLAT G 8/F PAK YUK LAU  ,40,31/1/2019,3.57,282,352,12660,10142,3408,266
412,FLAT C 1/F BLOCK 17 BEACON HEIGHTS ,34,31/1/2019,10.5,905,1051,11602,9990,1672,21
413,FLAT B 3/F MAGNOLIA COURT  ,33,30/1/2019,22,1160,1310,18966,16794,4077,102
414,FLAT E 1/F MARIGOLD COURT  ,42,24/1/2019,20.5,1451,1535,14128,13355,6909,174
415,FLAT B 5/F TOWER 3 MOUNT BEACON ,14,22/1/2019,28,1168,1500,23973,18667,3188,24
416,FLAT F 6/F BLOCK 4 BEACON HEIGHTS ,33,16/1/2019,11,844,1022,13033,10763,4087,108
417,FLAT G 6/F TIN FUNG LAU  ,40,11/1/2019,3.68,282,352,13050,10455,1974,58
418,FLAT C 7/F SKY LODGE 1 (BLOCK 1) SKY LODGE DYNASTY HEIGHTS,21,10/1/2019,10,619,833,16155,12005,1554,14
419,FLAT D 6/F SKY LODGE 3 (BLOCK 3) SKY LODGE DYNASTY HEIGHTS,21,9/1/2019,9.5,681,-,13950,-,2271,25
420,FLAT D2 3/F BLOCK D ELITE VILLA ,41,4/1/2019,8.5,506,612,16798,13889,3615,115
421,FLAT A 9/F FOOK TIN BUILDING  ,40,31/12/2018,3.3,254,334,12992,9880,3245,206
422,DUPLEX 9 8-9/F DYNASTY VILLA 3 (BLOCK 17) DYNASTY VILLA DYNASTY HEIGHTS,22,28/12/2018,60,1873,2632,32034,22796,7346,152
423,FLAT A 7/F BLOCK 15 BEACON HEIGHTS ,34,17/12/2018,12.68,905,1051,14011,12065,2386,38
424,FLAT A G/F BLOCK 3 MONTE CARLTON ,19,14/12/2018,15.7,1084,1408,14483,11151,6210,162
425,FLAT A 2/F 29 ROSE STREET ROSE COURT ,53,12/12/2018,13.5,920,-,14674,-,-,
426,FLAT F 5/F TROPICANA 1 (BLOCK 26) TROPICANA DYNASTY HEIGHTS,22,10/12/2018,15,932,1231,16094,12185,3164,49
427,FLAT C 1/F WISTARIA GARDENS  ,30,6/12/2018,13,896,1015,14509,12808,6217,189
428,FLAT D G/F MOON VILLA  ,41,6/12/2018,11,652,800,16871,13750,805,-14
429,FLAT D 1/F MOON VILLA  ,41,4/12/2018,11.3,675,-,16741,-,-,
430,FLAT D 3/F TOWER 6 (6 GRANDEUR RD) PARC OASIS ,28,4/12/2018,9.6,566,705,16961,13617,-,
431,FLAT A 3/F FORTUNE GARDEN  ,28,30/11/2018,12.8,586,778,21843,16452,2219,46
432,FLAT B 6/F TOWER 1 MOUNT BEACON ,14,28/11/2018,43,1459,1935,29472,22222,4838,59
433,FLAT C 1/F MOON VILLA  ,41,27/11/2018,11.5,673,-,17088,-,2030,46
434,FLAT E 3/F TOWER 7 (1 PARC OASIS RD) PARC OASIS ,28,26/11/2018,10.36,522,650,19847,15938,8072,121
435,FLAT A 2/F BLOCK 7 MONTE CARLTON ,19,23/11/2018,9.72,1070,1396,9084,6963,5438,166
436,FLAT B 2/F BLOCK 7 MONTE CARLTON ,19,23/11/2018,12.8,1075,1408,11907,9091,5438,225
437,FLAT G 9/F TIN FUNG LAU  ,40,21/11/2018,3.1,252,330,12302,9394,4704,451
438,FLAT G 3/F TOWER 28 (33 GRANDEUR RD) PARC OASIS ,25,20/11/2018,9.55,522,652,18295,14647,1429,17
439,FLAT F 2/F FORTUNE GARDEN  ,28,16/11/2018,9.5,524,-,18130,-,4972,171
440,FLAT F 2/F FORTUNE GARDEN  ,28,7/11/2018,9.5,524,-,18130,-,4972,171
441,FLAT C 6/F BLOCK 1 CALDECOTT HILL ,16,2/11/2018,9.5,755,987,12583,9625,5329,44
442,FLAT K 3/F KAM YUCK BUILDING  ,39,29/10/2018,3.65,234,249,15598,14659,2765,213
443,FLAT D 11/F TOWER 5 MOUNT BEACON ,14,12/10/2018,20,833,1137,24010,17590,3489,74
444,FLAT B 3/F CASSIA COURT  ,42,11/10/2018,16.38,822,916,19927,17882,-,
445,FLAT F 5/F TOWER 4 (37 TAT CHEE AVE) PARC OASIS ,28,8/10/2018,10.8,568,705,19014,15319,4206,154
446,FLAT D 1/F PEONY COURT  ,31,21/9/2018,12,820,913,14634,13143,-,
447,FLAT 12A 6/F NAM CHEONG COMMERCIAL BUILDING  ,46,19/9/2018,3.6,452,-,7965,-,-,
448,FLAT D 10/F TOWER 18 (49 TAT CHEE AVE) PARC OASIS ,28,17/9/2018,24,1084,1456,22140,16484,3031,62
449,FLAT B 2/F BISNEY COURT  ,30,14/9/2018,20.28,1227,1438,16528,14103,3283,123
450,FLAT A 9/F TROPICANA 7 (BLOCK 20) TROPICANA DYNASTY HEIGHTS,22,14/9/2018,23,969,1257,23736,18298,7241,144
451,FLAT B 7/F KAM YUCK BUILDING  ,39,3/9/2018,3.4,224,242,15179,14050,1797,84
452,FLAT E 7/F TOWER 28 (33 GRANDEUR RD) PARC OASIS ,25,27/8/2018,11.12,560,706,19857,15751,1714,60
453,FLAT D 6/F TROPICANA 1 (BLOCK 26) TROPICANA DYNASTY HEIGHTS,22,23/8/2018,12,649,847,18490,14168,4095,132
454,DUPLEX 6 6-7/F DYNASTY VILLA 7 (BLOCK 12) DYNASTY VILLA DYNASTY HEIGHTS,22,21/8/2018,45,1844,2418,24403,18610,7206,145
455,FLAT D4 2/F BLOCK D YAU YAT LAU ,54,20/8/2018,7.41,533,666,13902,11126,2684,57
456,FLAT E 2/F PO TIN BUILDING  ,39,17/8/2018,4.85,254,311,19094,15595,1144,52
457,FLAT C 3/F TO YUEN MANSION  ,32,16/8/2018,10.28,499,-,20601,-,2352,98
458,FLAT E 5/F TOWER 25 (34 GRANDEUR RD) PARC OASIS ,26,15/8/2018,14.95,654,821,22859,18210,2779,105
459,FLAT A 3/F BLOCK B9 (NO. 61) PHASE 1 VILLAGE GARDENS,34,15/8/2018,38.8,1498,1783,25901,21761,6780,323
460,FLAT L 4/F AMPLE BUILDING  ,40,13/8/2018,4,377,452,10610,8850,3996,330
461,FLAT B G/F BLOCK 3 GRANDEUR VILLA ,29,10/8/2018,26.1,1000,1373,26100,19009,1893,17
462,FLAT E 1/F TOWER 26 (37 GRANDEUR RD) PARC OASIS ,25,9/8/2018,14.4,560,706,25714,20397,1704,41
463,FLAT D 11/F AMPLE BUILDING  ,40,9/8/2018,4,396,474,10101,8439,-,
464,FLAT F 2/F PEAK GARDEN COURT  ,24,6/8/2018,23.8,1026,1327,23197,17935,7969,119
465,FLAT D 19/F SKY LODGE 2 (BLOCK 2) SKY LODGE DYNASTY HEIGHTS,21,1/8/2018,12.98,681,886,19060,14650,1830,53
466,FLAT C 1/F TOWER 3 (39 TAT CHEE AVE) PARC OASIS ,28,30/7/2018,11.8,566,705,20848,16738,5128,230
467,FLAT G 3/F MARIGOLD GARDENS  ,32,30/7/2018,20.5,1195,-,17155,-,6666,183
468,FLAT B G/F BLOCK B16 (NO. 36) PHASE 3 VILLAGE GARDENS,33,25/7/2018,21.28,801,956,26567,22259,7835,113
469,FLAT G 7/F PO TIN BUILDING  ,39,25/7/2018,4.21,318,394,13239,10685,5737,602
470,FLAT D2 3/F BLOCK D FA PO VILLA ,54,24/7/2018,10.8,695,-,15540,-,-,
471,FLAT F 10/F TOWER 8 (3 PARC OASIS RD) PARC OASIS ,28,24/7/2018,21,907,1092,23153,19231,-,
472,FLAT B 2/F CENTURY COURT  ,27,20/7/2018,20.2,1022,1350,19765,14963,-,
473,FLAT 5 5/F NAM CHEONG COMMERCIAL BUILDING  ,46,18/7/2018,4.8,394,-,12183,-,-,
474,FLAT C 6/F TROPICANA 3 (BLOCK 23) TROPICANA DYNASTY HEIGHTS,22,11/7/2018,12,611,813,19640,14760,3454,158
475,DUPLEX 7 6-7/F DYNASTY VILLA 7 (BLOCK 12) DYNASTY VILLA DYNASTY HEIGHTS,22,11/7/2018,53.98,1848,2420,29210,22306,1632,31
476,FLAT F 4/F TOWER 4 (37 TAT CHEE AVE) PARC OASIS ,28,9/7/2018,12.38,568,705,21796,17560,5901,318
477,FLAT L 6/F PAK YUK LAU  ,40,9/7/2018,3.9,308,384,12662,10156,3063,200
478,FLAT A 6/F BLOCK 2 VILLA CARLTON ,20,9/7/2018,15.9,1288,1666,12345,9544,5921,165
479,FLAT A 7/F TOWER 8 (3 PARC OASIS RD) PARC OASIS ,28,6/7/2018,12.6,566,703,22261,17923,3716,121
480,FLAT A G/F BLOCK 6 VILLA CARLTON ,20,3/7/2018,19.8,1322,1704,14977,11620,4151,136
481,FLAT B G/F TOWER 1 (43 TAT CHEE AVE) PARC OASIS ,28,27/6/2018,18.8,652,807,28834,23296,2543,65
482,FLAT G 4/F TOWER 11 (11 PARC OASIS RD) PARC OASIS ,28,25/6/2018,8,439,547,18223,14625,-,
483,FLAT B 6/F BLOCK 19 BEACON HEIGHTS ,34,25/6/2018,11.64,905,1051,12862,11075,6985,180
484,FLAT D1 3/F BLOCK D FA PO VILLA ,54,22/6/2018,10.68,684,900,15614,11867,-,
485,FLAT B 12/F BLOCK 4 BEACON HEIGHTS ,33,22/6/2018,11,807,980,13631,11224,2853,53
486,FLAT T 5/F KAM YUCK BUILDING  ,39,21/6/2018,3.15,-,249,-,12651,-,
487,FLAT A G/F TOWER 19 (47 TAT CHEE AVE) PARC OASIS ,28,21/6/2018,14.75,584,725,25257,20345,5333,328
488,FLAT D 6/F BLOCK 15 BEACON HEIGHTS ,34,19/6/2018,12.6,905,1051,13923,11989,2965,91
489,FLAT C 8/F TOWER 31 (25 GRANDEUR RD) PARC OASIS ,25,15/6/2018,16.86,789,1030,21369,16369,1407,41
490,FLAT C 1/F TOWER 22 (28 GRANDEUR RD) PARC OASIS ,26,14/6/2018,12,559,703,21467,17070,3945,122
491,FLAT B 1/F BISNEY COURT  ,30,14/6/2018,19.8,1227,-,16137,-,2390,43
492,FLAT D 1/F 9 PEONY ROAD  ,43,13/6/2018,14.05,825,1000,17030,14050,1412,23
493,FLAT A 3/F TOWER 27 (35 GRANDEUR RD) PARC OASIS ,25,7/6/2018,12,606,758,19802,15831,2734,88
494,FLAT A G/F BLOCK 5 VILLA CARLTON ,20,7/6/2018,13.1,930,1191,14086,10999,2205,34
495,FLAT F 3/F TOWER 6 (6 GRANDEUR RD) PARC OASIS ,28,6/6/2018,11.8,568,705,20775,16738,2415,74
496,DUPLEX 1 1-2/F DYNASTY VILLA 11 (BLOCK 8) DYNASTY VILLA DYNASTY HEIGHTS,22,6/6/2018,45.5,1997,2592,22784,17554,5619,289
497,FLAT D 4/F TOWER 20 (45 TAT CHEE AVE) PARC OASIS ,28,5/6/2018,11.5,603,750,19071,15333,2688,79
498,FLAT F 2/F TROPICANA 2 (BLOCK 25) TROPICANA DYNASTY HEIGHTS,22,4/6/2018,10.5,607,794,17298,13224,4297,131
499,FLAT F 2/F TOWER 25 (34 GRANDEUR RD) PARC OASIS ,26,1/6/2018,10.5,561,703,18717,14936,7612,40
500,FLAT A 3/F BLOCK B17 (NO. 40) PHASE 3 VILLAGE GARDENS,33,31/5/2018,18,801,986,22472,18256,-,
501,FLAT A 9/F TOWER 21 (26 GRANDEUR RD) PARC OASIS ,26,31/5/2018,11.7,561,703,20856,16643,2790,95
502,FLAT A 3/F TOWER 4 (37 TAT CHEE AVE) PARC OASIS ,28,31/5/2018,10,568,705,17606,14184,1800,23
503,FLAT I 9/F KAM YUCK BUILDING  ,39,30/5/2018,2.9,224,242,12946,11983,2134,116
504,FLAT B 12/F TOWER 2 THE CALDECOTT ,16,30/5/2018,29,1659,2313,17480,12538,1889,8
505,FLAT B 7/F TOWER 15 (19 PARC OASIS RD) PARC OASIS ,28,29/5/2018,14.78,681,842,21703,17553,3744,176
506,FLAT B 1/F EVERBEST COURT  ,28,29/5/2018,10.85,527,702,20588,15456,-,
507,FLAT F 5/F TOWER 10 (9 PARC OASIS RD) PARC OASIS ,28,25/5/2018,10.4,522,650,19914,15992,3779,131
508,FLAT C 8/F KAM YUCK BUILDING  ,39,25/5/2018,3.2,224,242,14286,13223,-,
509,FLAT G 7/F TOWER 7 (1 PARC OASIS RD) PARC OASIS ,28,25/5/2018,8.74,439,547,19904,15974,-,
510,FLAT C 5/F TOWER 9 (7 PARC OASIS RD) PARC OASIS ,28,24/5/2018,12.25,591,741,20728,16532,2279,71
511,FLAT A 1/F BLOCK 3 MONTE CARLTON ,19,21/5/2018,13.85,1085,1428,12765,9699,4745,135
512,FLAT B 8/F BLOCK B18 (NO. 44) PHASE 3 VILLAGE GARDENS,33,21/5/2018,16.97,801,956,21184,17749,7629,84
513,FLAT L 5/F PAK YUK LAU  ,40,18/5/2018,3.79,308,384,12305,9870,-,
514,FLAT F 7/F TOWER 3 (39 TAT CHEE AVE) PARC OASIS ,28,18/5/2018,22.13,1012,1217,21866,18182,-,
515,FLAT G 4/F AMPLE BUILDING  ,40,18/5/2018,4.2,410,490,10244,8571,731,40
516,FLAT C 6/F TOWER 2 (41 TAT CHEE AVE) PARC OASIS ,28,17/5/2018,12,566,705,21201,17021,7889,145
517,FLAT C 15/F SKY LODGE 3 (BLOCK 3) SKY LODGE DYNASTY HEIGHTS,21,17/5/2018,11.9,620,833,19194,14286,2817,75
518,FLAT A 3/F BLOCK 5 MONTE CARLTON ,19,16/5/2018,13.28,1073,1406,12377,9445,5916,123
519,FLAT B 1/F VERVAIN GARDEN  ,31,16/5/2018,16.3,1066,1345,15291,12119,3857,83
520,FLAT B 2/F VERVAIN GARDEN  ,31,16/5/2018,16.5,1066,1345,15478,12268,3857,92
521,FLAT F 3/F TOWER 16 (21 PARC OASIS RD) PARC OASIS ,28,14/5/2018,11.88,603,750,19701,15840,1193,27
522,FLAT E 7/F TOWER 9 (7 PARC OASIS RD) PARC OASIS ,28,11/5/2018,10.68,522,650,20460,16431,2655,78
523,FLAT C 2/F TOWER 5 MOUNT BEACON ,14,11/5/2018,23.68,839,1133,28224,20900,3822,72
524,FLAT B 2/F HUNITY GARDEN  ,28,9/5/2018,15.5,892,1120,17377,13839,2817,68
525,FLAT D 3/F MARIGOLD COURT  ,42,9/5/2018,18.53,1215,1310,15247,14141,5844,183
526,FLAT C 8/F TROPICANA 5 (BLOCK 22) TROPICANA DYNASTY HEIGHTS,22,8/5/2018,8.6,468,603,18376,14262,4734,130
527,FLAT B 4/F TOWER 28 (33 GRANDEUR RD) PARC OASIS ,25,8/5/2018,13.2,674,846,19585,15603,2730,67
528,FLAT B 6/F BLOCK 5 MONTE CARLTON ,19,7/5/2018,12.3,1073,1406,11463,8748,5978,124
529,FLAT O 4/F KAM YUCK BUILDING  ,39,7/5/2018,3.28,233,250,14077,13120,8121,300
530,FLAT D 4/F BLOCK 15 BEACON HEIGHTS ,34,4/5/2018,12.98,905,1051,14343,12350,2835,97
531,FLAT C 4/F TOWER 14 (17 PARC OASIS RD) PARC OASIS ,28,30/4/2018,11.08,584,725,18973,15283,3044,96
532,FLAT C 3/F AMPLE BUILDING  ,40,27/4/2018,4.33,410,490,10561,8837,1599,40
533,FLAT A G/F TOWER 15 (19 PARC OASIS RD) PARC OASIS ,28,26/4/2018,14.95,603,750,24793,19933,4505,183
534,FLAT G 1/F TOWER 11 (11 PARC OASIS RD) PARC OASIS ,28,26/4/2018,9.2,439,547,20957,16819,2225,69
535,FLAT C 3/F TOWER 21 (26 GRANDEUR RD) PARC OASIS ,26,25/4/2018,10.18,559,703,18211,14481,2892,83
536,FLAT B 9/F SKY LODGE 3 (BLOCK 3) SKY LODGE DYNASTY HEIGHTS,21,24/4/2018,32.8,1202,-,27288,-,7005,154
537,FLAT C 9/F PO TIN BUILDING  ,39,24/4/2018,3.6,262,321,13740,11215,2342,159
538,FLAT K 4/F AMPLE BUILDING  ,40,20/4/2018,3.8,410,490,9268,7755,-,
539,FLAT C3 1/F BLOCK C FA PO VILLA ,54,20/4/2018,7.54,445,600,16939,12563,3978,143
540,FLAT Q 5/F KAM YUCK BUILDING  ,39,20/4/2018,3.16,224,242,14107,13058,2976,241
541,FLAT D 5/F TROPICANA 2 (BLOCK 25) TROPICANA DYNASTY HEIGHTS,22,20/4/2018,10,622,826,16077,12107,2916,67
542,FLAT B 4/F BLOCK B7 (NO. 47) PHASE 2 VILLAGE GARDENS,34,19/4/2018,28,1562,1829,17926,15309,1505,4
543,FLAT P 4/F KAM YUCK BUILDING  ,39,18/4/2018,3.35,233,250,14378,13400,5801,679
544,FLAT C 4/F TOWER 22 (28 GRANDEUR RD) PARC OASIS ,26,16/4/2018,10.58,559,703,18927,15050,2247,66
545,FLAT C G/F TOWER 5 (35 TAT CHEE AVE) PARC OASIS ,28,13/4/2018,20.93,797,990,26261,21141,1695,22
546,FLAT C 8/F TOWER 1 MOUNT BEACON ,14,12/4/2018,42,1281,1689,32787,24867,2345,40
547,FLAT E 6/F BLOCK 19 BEACON HEIGHTS ,34,12/4/2018,11.7,905,1051,12928,11132,7334,113
548,FLAT B 8/F TOWER 2 MOUNT BEACON ,14,11/4/2018,30,1169,1538,25663,19506,3852,56
549,FLAT C 1/F TOWER 29 (29 GRANDEUR RD) PARC OASIS ,25,9/4/2018,12.5,569,711,21968,17581,4773,211
550,FLAT F 5/F TOWER 7 (1 PARC OASIS RD) PARC OASIS ,28,9/4/2018,9.8,522,650,18774,15077,1557,40
551,FLAT E 3/F TAT CHEE COURT  ,35,6/4/2018,12.38,649,737,19076,16798,-,
552,FLAT F 8/F TOWER 22 (28 GRANDEUR RD) PARC OASIS ,26,3/4/2018,10.38,561,703,18503,14765,5669,292
553,FLAT K 3/F FOOK TIN BUILDING  ,40,28/3/2018,3.61,248,327,14556,11040,1100,34
554,FLAT A G/F BLOCK 2 VILLA CARLTON ,20,27/3/2018,12,930,1191,12903,10076,2546,56
555,FLAT A3 2/F GOLDEN VILLA  ,55,26/3/2018,13.5,723,-,18672,-,-,
556,FLAT S 5/F KAM YUCK BUILDING  ,39,23/3/2018,3.1,224,242,13839,12810,2360,154
557,FLAT C 3/F TOWER 2 MOUNT BEACON ,14,23/3/2018,19.77,839,1133,23564,17449,1776,29
558,FLAT A 3/F BLOCK 2 CALDECOTT HILL ,16,22/3/2018,14,955,1285,14660,10895,849,23
559,FLAT D 10/F TOWER 11 (11 PARC OASIS RD) PARC OASIS ,28,21/3/2018,16.95,884,1065,19174,15915,4167,146
560,HOUSE 6 NO. 62 HOUSE 6 NO. 62 BEGONIA ROAD ,5,14/3/2018,168,3981,-,42200,-,-,-
561,FLAT C 3/F FORTUNE GARDEN  ,28,13/3/2018,10.38,529,685,19622,15153,3090,126
562,FLAT B 1/F TOWER 28 (33 GRANDEUR RD) PARC OASIS ,25,12/3/2018,12.5,674,846,18546,14775,1901,54
563,FLAT D 4/F TOWER 17 (51 TAT CHEE AVE) PARC OASIS ,28,6/3/2018,10.5,603,750,17413,14000,3086,96
564,FLAT B 9/F KAM YUCK BUILDING  ,39,6/3/2018,2.99,224,242,13348,12355,2770,193
565,FLAT B 9/F TO YUEN MANSION  ,32,6/3/2018,8.6,457,-,18818,-,7549,89
566,FLAT B 6/F BLOCK 3 MONTE CARLTON ,19,5/3/2018,11.54,1067,1399,10813,8247,2674,31
567,FLAT D 1/F TOWER 11 (11 PARC OASIS RD) PARC OASIS ,28,2/3/2018,8.38,450,560,18622,14964,4730,162
568,FLAT C 9/F TOWER 11 (11 PARC OASIS RD) PARC OASIS ,28,1/3/2018,12.5,591,741,21151,16869,2764,100
569,FLAT F 3/F TOWER 1 (43 TAT CHEE AVE) PARC OASIS ,28,28/2/2018,11.63,568,705,20475,16496,-,
570,FLAT F 8/F TOWER 23 (32 GRANDEUR RD) PARC OASIS ,26,27/2/2018,11.08,561,703,19750,15761,-,
571,FLAT D 5/F KAM YUCK BUILDING  ,39,26/2/2018,2.98,224,242,13304,12314,-,
572,FLAT B 4/F KAM YUCK BUILDING  ,39,23/2/2018,3.25,224,242,14509,13430,1270,49
573,FLAT D 1/F TOWER 17 (51 TAT CHEE AVE) PARC OASIS ,28,23/2/2018,11.18,603,755,18541,14808,2222,67
574,FLAT C 3/F TOWER 23 (32 GRANDEUR RD) PARC OASIS ,26,23/2/2018,10.5,559,703,18784,14936,1774,33
575,FLAT C 1/F TOWER 18 (49 TAT CHEE AVE) PARC OASIS ,28,14/2/2018,10.8,603,750,17910,14400,2761,88
576,FLAT C 6/F TOWER 6 (6 GRANDEUR RD) PARC OASIS ,28,13/2/2018,11.3,566,705,19965,16028,2819,89
577,DUPLEX 9 8-9/F DYNASTY VILLA 8 (BLOCK 11) DYNASTY VILLA DYNASTY HEIGHTS,22,12/2/2018,72,1843,2414,39067,29826,6967,270
578,FLAT D 1/F CENTURY COURT  ,27,7/2/2018,8.38,497,660,16861,12697,3997,122
579,FLAT B G/F BLOCK B4 (NO. 23) PHASE 2 VILLAGE GARDENS,34,7/2/2018,37.88,1501,1769,25237,21413,3398,105
580,FLAT B 1/F TO YUEN MANSION  ,32,6/2/2018,8.44,499,560,16910,15068,1313,24
581,FLAT A 9/F SKY LODGE 6 (BLOCK 6) SKY LODGE DYNASTY HEIGHTS,21,5/2/2018,28.6,1155,-,24762,-,4637,112
582,FLAT B 6/F BLOCK B2 (NO. 19) PHASE 2 VILLAGE GARDENS,34,1/2/2018,36.5,1517,1774,24061,20575,2925,143
583,FLAT E 1/F TOWER 15 (19 PARC OASIS RD) PARC OASIS ,28,1/2/2018,12.95,675,842,19185,15380,-,
584,FLAT D 5/F SKY LODGE 2 (BLOCK 2) SKY LODGE DYNASTY HEIGHTS,21,30/1/2018,14.38,681,886,21116,16230,6597,98
585,FLAT G 3/F TOWER 8 (3 PARC OASIS RD) PARC OASIS ,28,29/1/2018,8.4,439,547,19134,15356,2691,87
586,FLAT A G/F BLOCK B9 (NO. 61) PHASE 1 VILLAGE GARDENS,34,25/1/2018,28,1194,1395,23451,20072,2794,63
587,FLAT H 4/F TIN FUNG LAU  ,40,24/1/2018,3.9,315,394,12381,9898,3273,282
588,FLAT B 6/F BLOCK 2 CALDECOTT HILL ,16,23/1/2018,7.52,538,698,13978,10774,1279,27
589,FLAT D 7/F FOOK TIN BUILDING  ,40,22/1/2018,3.44,254,337,13535,10202,1121,39
590,FLAT C G/F FARMING VILLA  ,50,22/1/2018,9,718,-,12535,-,7885,100
591,FLAT C 2/F FARMING VILLA  ,50,17/1/2018,12,718,-,16713,-,-,
592,FLAT A G/F FARMING VILLA  ,50,17/1/2018,17,973,-,17472,-,7909,103
593,FLAT G 8/F TOWER 10 (9 PARC OASIS RD) PARC OASIS ,28,15/1/2018,8.1,439,547,18451,14808,6477,363
594,FLAT D 3/F BLOCK 19 BEACON HEIGHTS ,34,15/1/2018,12.68,905,1051,14011,12065,1186,31
595,FLAT A 3/F TOWER 2 (41 TAT CHEE AVE) PARC OASIS ,28,15/1/2018,10.5,568,705,18486,14894,2821,84
596,FLAT D 4/F AMPLE BUILDING  ,40,12/1/2018,4.22,396,474,10657,8903,-,
597,FLAT A3 1/F BLOCK A ELITE VILLA ,41,12/1/2018,5.4,405,502,13333,10757,2828,40
598,FLAT A 1/F CASSIA COURT  ,42,12/1/2018,13.8,814,900,16953,15333,3654,106
599,FLAT A 7/F BLOCK 7 VILLA CARLTON ,20,9/1/2018,15,1341,1737,11186,8636,3556,81
600,FLAT B 7/F BLOCK 7 VILLA CARLTON ,20,9/1/2018,16,1482,1938,10796,8256,3556,73
601,FLAT G 2/F TOWER 11 (11 PARC OASIS RD) PARC OASIS ,28,9/1/2018,8.2,439,547,18679,14991,4028,166
602,FLAT B 3/F BLOCK B16 (NO. 36) PHASE 3 VILLAGE GARDENS,33,2/1/2018,16.98,801,956,21199,17762,-,
603,FLAT B G/F TOWER 19 (47 TAT CHEE AVE) PARC OASIS ,28,27/12/2017,16.3,675,842,24148,19359,2555,81
604,FLAT D 3/F 10 MARIGOLD ROAD  ,37,21/12/2017,25,1197,1350,20886,18519,-,
605,FLAT G 9/F TOWER 11 (11 PARC OASIS RD) PARC OASIS ,28,19/12/2017,8.2,439,547,18679,14991,2075,49
606,FLAT C 10/F TOWER 21 (26 GRANDEUR RD) PARC OASIS ,26,19/12/2017,11.68,559,703,20894,16615,3922,167
607,FLAT B 6/F TOWER 15 (19 PARC OASIS RD) PARC OASIS ,28,18/12/2017,11.88,681,842,17445,14109,4533,123
608,FLAT D 1/F BLOCK B13 (NO. 28) PHASE 3 VILLAGE GARDENS,33,15/12/2017,14.38,759,915,18946,15716,1792,48
609,FLAT C 10/F TOWER 32 (23 GRANDEUR RD) PARC OASIS ,25,15/12/2017,18.6,789,1030,23574,18058,7221,98
610,FLAT D 3/F MOON VILLA  ,41,14/12/2017,11.98,675,-,17748,-,7661,87
611,FLAT B 1/F TOWER 21 (26 GRANDEUR RD) PARC OASIS ,26,11/12/2017,16.6,660,826,25152,20097,4658,186
612,FLAT D 5/F TOWER 11 (11 PARC OASIS RD) PARC OASIS ,28,8/12/2017,8,450,560,17767,14277,596,28
613,FLAT C 10/F TOWER 15 (19 PARC OASIS RD) PARC OASIS ,28,8/12/2017,18.66,1049,1263,17788,14774,7994,152
614,FLAT A 3/F TOWER 18 (49 TAT CHEE AVE) PARC OASIS ,28,6/12/2017,10.9,584,725,18664,15034,3561,95
615,FLAT C 7/F TOWER 22 (28 GRANDEUR RD) PARC OASIS ,26,5/12/2017,9.68,559,703,17317,13770,2562,51
616,FLAT B 4/F TOWER 6 (6 GRANDEUR RD) PARC OASIS ,28,4/12/2017,12.48,652,807,19141,15465,-,
617,FLAT D 8/F TOWER 7 (1 PARC OASIS RD) PARC OASIS ,28,4/12/2017,8.1,450,560,18000,14464,6741,440
618,FLAT C G/F BLOCK B18 (NO. 44) PHASE 3 VILLAGE GARDENS,33,1/12/2017,21.2,816,974,25980,21766,3113,104
619,FLAT C 7/F PAK YUK LAU  ,40,30/11/2017,2.6,258,326,10078,7975,-,
620,FLAT E 7/F TROPICANA 6 (BLOCK 21) TROPICANA DYNASTY HEIGHTS,22,30/11/2017,9.6,645,849,14884,11307,3492,58
621,FLAT D 2/F JADE COURT  ,41,29/11/2017,12.5,830,890,15060,14045,-,
622,FLAT B 7/F TOWER 9 (7 PARC OASIS RD) PARC OASIS ,28,27/11/2017,12.2,657,817,18569,14933,3762,119
623,FLAT C 6/F BLOCK B18 (NO. 44) PHASE 3 VILLAGE GARDENS,33,22/11/2017,16.8,805,961,20870,17482,1315,34
624,FLAT C 6/F TOWER 12 (13 PARC OASIS RD) PARC OASIS ,28,22/11/2017,14.7,797,990,18444,14848,-,
625,FLAT C 9/F TROPICANA 2 (BLOCK 25) TROPICANA DYNASTY HEIGHTS,22,22/11/2017,9.5,621,-,15298,-,6940,102
626,FLAT D 4/F TOWER 6 (6 GRANDEUR RD) PARC OASIS ,28,21/11/2017,10.48,566,705,18516,14865,7374,42
627,FLAT B 1/F TOWER 27 (35 GRANDEUR RD) PARC OASIS ,25,20/11/2017,12,674,846,17804,14184,8079,169
628,FLAT G 1/F TOWER 26 (37 GRANDEUR RD) PARC OASIS ,25,20/11/2017,11.58,522,652,22184,17761,2884,99
629,FLAT D 7/F TOWER 23 (32 GRANDEUR RD) PARC OASIS ,26,17/11/2017,9.58,559,703,17138,13627,3612,105
630,FLAT B 1/F TOWER 5 (35 TAT CHEE AVE) PARC OASIS ,28,16/11/2017,14.4,737,915,19539,15738,1309,54
631,FLAT D 1/F BLOCK B14 (NO. 30) PHASE 3 VILLAGE GARDENS,33,14/11/2017,16.38,805,961,20348,17045,7308,49
632,FLAT A 3/F TOWER 29 (29 GRANDEUR RD) PARC OASIS ,25,13/11/2017,10.5,595,745,17647,14094,2379,50
633,FLAT C 2/F FOOK TIN BUILDING  ,40,10/11/2017,2.98,254,337,11732,8843,2724,142
634,FLAT J 9/F FOOK TIN BUILDING  ,40,9/11/2017,3.05,248,337,12298,9050,1582,47
635,FLAT D 3/F SUPER TOWER  ,42,9/11/2017,14.8,847,-,17473,-,-,
636,FLAT C 1/F BLOCK B14 (NO. 30) PHASE 3 VILLAGE GARDENS,33,9/11/2017,14.38,803,959,17908,14995,7450,52
637,FLAT A 10/F TOWER 11 (11 PARC OASIS RD) PARC OASIS ,28,2/11/2017,18,1010,1216,17822,14803,5989,178
638,FLAT B 8/F TOWER 16 (21 PARC OASIS RD) PARC OASIS ,28,2/11/2017,12,681,842,17621,14252,2209,22
639,FLAT C 1/F OSMANTHUS COURT  ,34,1/11/2017,14.28,914,1024,15624,13945,2901,74
640,FLAT J 7/F FOOK TIN BUILDING  ,40,27/10/2017,3.28,248,337,13226,9733,6596,286
641,FLAT C 1/F PING YUEN  ,42,24/10/2017,18,1181,1400,15241,12857,5134,334
642,FLAT B 7/F BLOCK B18 (NO. 44) PHASE 3 VILLAGE GARDENS,33,24/10/2017,15.8,801,956,19725,16527,3766,130
643,FLAT B 7/F BLOCK 1 CALDECOTT HILL ,16,23/10/2017,7.28,538,702,13532,10370,3487,52
644,FLAT B 3/F BLOCK B10 (NO. 63) PHASE 1 VILLAGE GARDENS,34,20/10/2017,32,1537,1796,20820,17817,-,
645,FLAT A 6/F BLOCK 5 MONTE CARLTON ,19,19/10/2017,12.45,1073,1406,11603,8855,1842,26
646,FLAT C1 (NO.24) 3/F (NO. 22-24 2/F) LAI YUEN  ,55,19/10/2017,18.8,1163,-,16165,-,-,
647,FLAT A 6/F TOWER 5 MOUNT BEACON ,14,19/10/2017,30.8,1161,1532,26529,20104,4456,63
648,FLAT E 3/F KAM YUCK BUILDING  ,39,18/10/2017,2.88,233,250,12361,11520,2256,140
649,FLAT F 5/F TOWER 15 (19 PARC OASIS RD) PARC OASIS ,28,18/10/2017,10.68,603,750,17711,14240,2815,77
650,FLAT H 6/F KAM YUCK BUILDING  ,39,17/10/2017,2.7,224,242,12054,11157,7626,221
651,FLAT A 1/F FOOK SUN VILLA  ,55,16/10/2017,15.5,903,1100,17165,14091,1572,33
652,FLAT E 10/F BLOCK 1 CALDECOTT HILL ,16,16/10/2017,14.3,955,1282,14974,11154,4606,73
653,FLAT F 8/F TIN FUNG LAU  ,40,13/10/2017,3.45,272,343,12684,10058,1112,73
654,FLAT A 3/F TOWER 6 MOUNT BEACON ,14,13/10/2017,28.8,1161,1532,24806,18799,3978,63
655,FLAT E 5/F TOWER 26 (37 GRANDEUR RD) PARC OASIS ,25,13/10/2017,9.78,560,706,17464,13853,3030,113
656,FLAT B 5/F BLOCK 5 MONTE CARLTON ,19,9/10/2017,11.9,1073,1406,11090,8464,1788,32
657,FLAT B 5/F TOWER 27 (35 GRANDEUR RD) PARC OASIS ,25,6/10/2017,12,674,846,17804,14184,4670,158
658,FLAT C 1/F 8 VERBENA ROAD  ,41,6/10/2017,24,1548,2450,15504,9796,3640,53
659,FLAT A 3/F BLOCK 1 CALDECOTT HILL ,16,4/10/2017,9.1,756,985,12037,9239,2384,35
660,FLAT K 9/F FOOK TIN BUILDING  ,40,4/10/2017,2.97,248,327,11976,9083,-,
661,HOUSE 17 NO. 20 HOUSE 17 MOUNT BEACON ,14,28/9/2017,105,2638,3780,39803,27778,1264,-9
662,FLAT B 8/F PAK YUK LAU  ,40,26/9/2017,4,364,457,10989,8753,-,
663,FLAT B 6/F BLOCK B17 (NO. 40) PHASE 3 VILLAGE GARDENS,33,22/9/2017,15.8,759,915,20817,17268,2052,73
664,FLAT D 5/F BLOCK B13 (NO. 28) PHASE 3 VILLAGE GARDENS,33,20/9/2017,15.3,759,915,20158,16721,7272,62
665,FLAT B 3/F TOWER 3 MOUNT BEACON ,14,18/9/2017,30,1168,1500,25685,20000,3854,62
666,FLAT A 8/F BLOCK 5 BEACON HEIGHTS ,35,15/9/2017,16.4,1126,1303,14565,12586,2191,69
667,FLAT B 8/F PO TIN BUILDING  ,39,11/9/2017,3.4,262,321,12977,10592,-,
668,FLAT H 7/F PO TIN BUILDING  ,39,5/9/2017,3.05,254,311,12008,9807,-,
669,FLAT D 1/F FORTUNE GARDEN  ,28,4/9/2017,8.9,524,695,16985,12806,2486,82
670,FLAT D 15/F SKY LODGE 3 (BLOCK 3) SKY LODGE DYNASTY HEIGHTS,21,1/9/2017,11.48,681,886,16858,12957,1557,44
671,FLAT D 11/F BLOCK 2 CALDECOTT HILL ,16,31/8/2017,11.95,764,998,15641,11974,1134,41
672,FLAT F 1/F MARIGOLD GARDENS  ,32,28/8/2017,17.5,1195,-,14644,-,6864,140
673,FLAT B 9/F PO TIN BUILDING  ,39,25/8/2017,2.95,262,321,11260,9190,7371,134
674,FLAT E 7/F TIN FUNG LAU  ,40,24/8/2017,2.56,269,337,9517,7596,-,
675,FLAT B 5/F TROPICANA 3 (BLOCK 23) TROPICANA DYNASTY HEIGHTS,22,24/8/2017,19.45,994,1290,19567,15078,1798,41
676,FLAT E 6/F TOWER 28 (33 GRANDEUR RD) PARC OASIS ,25,22/8/2017,9.6,560,706,17143,13598,4884,178
677,FLAT C 4/F TOWER 27 (35 GRANDEUR RD) PARC OASIS ,25,18/8/2017,9.85,628,786,15685,12532,1617,22
678,FLAT C 7/F FOOK TIN BUILDING  ,40,14/8/2017,3,254,337,11811,8902,1166,52
679,FLAT B G/F BLOCK 6 MONTE CARLTON ,19,11/8/2017,9.7,749,961,12951,10094,5666,132
680,FLAT A2 G/F BLOCK A ANGELA COURT ,41,8/8/2017,9.5,746,847,12735,11216,3293,53
681,FLAT D 7/F BLOCK 2 CALDECOTT HILL ,16,31/7/2017,11.6,764,998,15183,11623,4105,101
682,FLAT B 15/F TOWER 5 MOUNT BEACON ,14,26/7/2017,52,1406,1813,36984,28682,3426,60
683,FLAT A 15/F TOWER 5 MOUNT BEACON ,14,26/7/2017,78,1836,2322,42484,33592,3509,96
684,FLAT F 8/F TOWER 27 (35 GRANDEUR RD) PARC OASIS ,25,21/7/2017,10.04,560,706,17925,14218,2426,69
685,FLAT C G/F TOWER 3 (39 TAT CHEE AVE) PARC OASIS ,28,18/7/2017,14.5,566,705,25618,20567,7231,61
686,FLAT C 2/F BLOCK B14 (NO. 30) PHASE 3 VILLAGE GARDENS,33,17/7/2017,16.2,803,959,20174,16893,7523,116
687,FLAT D 10/F TOWER 2 MOUNT BEACON ,14,17/7/2017,21,835,1133,25150,18535,1919,52
688,FLAT B 8/F BLOCK 7 VILLA CARLTON ,20,10/7/2017,17,1482,1938,11471,8772,5697,180
689,FLAT F 5/F KAM YUCK BUILDING  ,39,10/7/2017,2.6,233,250,11159,10400,2564,180
690,FLAT A 1/F TROPICANA 1 (BLOCK 26) TROPICANA DYNASTY HEIGHTS,22,6/7/2017,22.68,941,-,24102,-,1289,18
691,FLAT 18 6/F NAM CHEONG COMMERCIAL BUILDING  ,46,6/7/2017,4.26,435,-,9793,-,-,
692,FLAT D 10/F TOWER 8 (3 PARC OASIS RD) PARC OASIS ,28,29/6/2017,15.95,884,1065,18043,14977,1434,19
693,FLAT D 11/F TOWER 6 MOUNT BEACON ,14,29/6/2017,29,1161,1538,24978,18856,1016,12
694,FLAT D 2/F PO TIN BUILDING  ,39,28/6/2017,3.65,254,311,14370,11736,-,
695,FLAT A 2/F TOWER 3 (39 TAT CHEE AVE) PARC OASIS ,28,28/6/2017,8,568,705,14085,11348,-,
696,FLAT B 3/F TOWER 21 (26 GRANDEUR RD) PARC OASIS ,26,28/6/2017,11.6,660,826,17576,14044,4781,161
697,FLAT D G/F FARMING VILLA  ,50,26/6/2017,8,718,900,11142,8889,-,
698,FLAT A G/F MINT TOWN TERRACE  ,42,26/6/2017,13.28,1110,-,11964,-,4979,137
699,FLAT A4 2/F GOLDEN VILLA  ,55,20/6/2017,24.23,1433,-,16909,-,-,
700,FLAT A 2/F 31 ROSE STREET ROSE COURT ,53,15/6/2017,13.88,920,-,15087,-,-,
701,FLAT D 2/F TOWER 27 (35 GRANDEUR RD) PARC OASIS ,25,14/6/2017,8.08,521,651,15509,12412,3154,89
702,FLAT F 10/F TOWER 27 (35 GRANDEUR RD) PARC OASIS ,25,13/6/2017,11.38,560,706,20321,16119,4598,203
703,FLAT F 4/F TOWER 17 (51 TAT CHEE AVE) PARC OASIS ,28,13/6/2017,10.38,584,725,17774,14317,2594,74
704,FLAT B 8/F BLOCK 5 BEACON HEIGHTS ,35,13/6/2017,16.18,1130,1303,14319,12417,-,
705,FLAT A 10/F TOWER 14 (17 PARC OASIS RD) PARC OASIS ,28,12/6/2017,21,1084,1456,19373,14423,2477,47
706,FLAT B 2/F BLOCK B12 (NO. 67) PHASE 1 VILLAGE GARDENS,34,12/6/2017,32.8,1513,1836,21679,17865,4449,162
707,FLAT A 1/F BLOCK B15 (NO. 34) PHASE 3 VILLAGE GARDENS,33,12/6/2017,13,759,915,17128,14208,-,
708,FLAT A 5/F TOWER 8 (3 PARC OASIS RD) PARC OASIS ,28,12/6/2017,9.5,566,703,16784,13514,-,
709,FLAT F G/F TOWER 9 (7 PARC OASIS RD) PARC OASIS ,28,9/6/2017,7.5,522,650,14368,11538,2495,54
710,FLAT D 1/F BLOCK B15 (NO. 34) PHASE 3 VILLAGE GARDENS,33,8/6/2017,15,803,959,18680,15641,1709,36
711,FLAT F 3/F TROPICANA 1 (BLOCK 26) TROPICANA DYNASTY HEIGHTS,22,5/6/2017,14.8,932,1232,15880,12013,3756,121
712,FLAT D 4/F BLOCK 19 BEACON HEIGHTS ,34,1/6/2017,12.8,905,1051,14144,12179,7384,106
713,FLAT C G/F TOWER 9 (7 PARC OASIS RD) PARC OASIS ,28,31/5/2017,13.5,591,741,22843,18219,2690,90
714,FLAT A 3/F TROPICANA 5 (BLOCK 22) TROPICANA DYNASTY HEIGHTS,22,26/5/2017,14.38,894,-,16085,-,1872,26
715,FLAT B 10/F BLOCK 6 BEACON HEIGHTS ,33,23/5/2017,8,807,980,9913,8163,5803,109
716,FLAT H 8/F FOOK TIN BUILDING  ,40,22/5/2017,2.6,254,334,10236,7784,-,
717,FLAT A 3/F 33 ROSE STREET ROSE COURT ,53,19/5/2017,14.88,833,1000,17863,14880,-,
718,FLAT A 5/F TOWER 25 (34 GRANDEUR RD) PARC OASIS ,26,19/5/2017,9.69,561,703,17273,13784,2672,80
719,FLAT D 5/F TOWER 7 (1 PARC OASIS RD) PARC OASIS ,28,17/5/2017,8.15,450,560,18111,14554,3482,144
720,FLAT E G/F TOWER 7 (1 PARC OASIS RD) PARC OASIS ,28,11/5/2017,8.1,522,650,15517,12462,2184,41
721,FLAT C 6/F TOWER 20 (45 TAT CHEE AVE) PARC OASIS ,28,9/5/2017,10.5,603,750,17413,14000,1532,24
722,FLAT D 3/F TOWER 1 (43 TAT CHEE AVE) PARC OASIS ,28,8/5/2017,10.5,566,705,18551,14894,4383,145
723,FLAT E 6/F PO TIN BUILDING  ,39,8/5/2017,3,254,311,11811,9646,2375,131
724,FLAT F 6/F TOWER 4 (37 TAT CHEE AVE) PARC OASIS ,28,4/5/2017,10.15,568,705,17870,14397,1487,27
725,FLAT F 6/F TOWER 3 (39 TAT CHEE AVE) PARC OASIS ,28,2/5/2017,9.9,568,705,17430,14043,4033,114
726,FLAT C 2/F TOWER 3 (39 TAT CHEE AVE) PARC OASIS ,28,28/4/2017,9,566,705,15901,12766,5530,216
727,FLAT C 1/F MARIGOLD COURT  ,42,28/4/2017,13.98,947,-,14762,-,-,
728,FLAT T 9/F KAM YUCK BUILDING  ,39,26/4/2017,2.78,234,249,11880,11165,497,22
729,FLAT D 4/F TOWER 16 (21 PARC OASIS RD) PARC OASIS ,28,26/4/2017,9.68,584,725,16575,13352,2756,68
730,FLAT B 10/F TOWER 29 (29 GRANDEUR RD) PARC OASIS ,25,24/4/2017,13.98,682,856,20499,16332,3451,125
731,FLAT B 7/F BLOCK 5 BEACON HEIGHTS ,35,24/4/2017,16.18,1130,1303,14319,12417,4558,224
732,FLAT M 10/F KAM YUCK BUILDING  ,39,20/4/2017,2.63,224,242,11741,10868,1148,32
733,FLAT B 10/F TOWER 22 (28 GRANDEUR RD) PARC OASIS ,26,20/4/2017,12.82,660,826,19421,15518,6263,156
734,FLAT A 7/F TOWER 5 (35 TAT CHEE AVE) PARC OASIS ,28,20/4/2017,25.8,1279,1542,20172,16732,2739,63
735,FLAT F 7/F TROPICANA 1 (BLOCK 26) TROPICANA DYNASTY HEIGHTS,22,18/4/2017,16.1,932,1232,17275,13068,6633,109
736,FLAT F 1/F TOWER 21 (26 GRANDEUR RD) PARC OASIS ,26,18/4/2017,13.1,561,703,23342,18627,7336,60
737,FLAT B 8/F BLOCK 5 VILLA CARLTON ,20,13/4/2017,13.8,1337,1735,10322,7954,5592,123
738,FLAT C 7/F TOWER 16 (21 PARC OASIS RD) PARC OASIS ,28,12/4/2017,10.5,584,725,17979,14483,2575,74
739,FLAT C 3/F TAT CHEE COURT  ,35,10/4/2017,8.75,467,533,18737,16417,3262,124
740,FLAT C 3/F CASSIA COURT  ,42,10/4/2017,11.5,591,651,19459,17665,7826,135
741,FLAT E 9/F TOWER 17 (51 TAT CHEE AVE) PARC OASIS ,28,6/4/2017,10,681,842,14684,11876,2926,89
742,FLAT F 6/F TOWER 10 (9 PARC OASIS RD) PARC OASIS ,28,3/4/2017,8.98,522,650,17203,13815,-,
743,FLAT C 8/F TOWER 15 (19 PARC OASIS RD) PARC OASIS ,28,3/4/2017,9.5,584,725,16267,13103,2515,63
744,FLAT A 3/F BLOCK 8 MONTE CARLTON ,19,31/3/2017,11.88,1076,1411,11041,8420,4867,199
745,FLAT B 8/F TOWER 27 (35 GRANDEUR RD) PARC OASIS ,25,30/3/2017,11.38,674,846,16884,13452,7309,40
746,FLAT E 7/F BLOCK 6 BEACON HEIGHTS ,33,29/3/2017,10.5,807,980,13011,10714,5752,213
747,FLAT D 5/F TOWER 16 (21 PARC OASIS RD) PARC OASIS ,28,24/3/2017,9.4,584,725,16096,12966,3570,119
748,FLAT B 6/F BLOCK 17 BEACON HEIGHTS ,34,23/3/2017,10.6,905,1051,11713,10086,4907,268
749,FLAT A 3/F TOWER 33 (21 GRANDEUR RD) PARC OASIS ,25,23/3/2017,13.38,792,1033,16894,12953,1589,13
750,FLAT A 11/F BLOCK 1 CALDECOTT HILL ,16,21/3/2017,10.6,756,985,14021,10761,4522,44
751,FLAT C 7/F TOWER 31 (25 GRANDEUR RD) PARC OASIS ,25,21/3/2017,13.9,789,1030,17617,13495,7827,143
752,FLAT B G/F TOWER 11 (11 PARC OASIS RD) PARC OASIS ,28,16/3/2017,14.8,657,817,22527,18115,-,
753,FLAT D 1/F CHEERICH COURT  ,27,14/3/2017,11.95,802,1069,14900,11179,4465,128
754,FLAT F 4/F PO TIN BUILDING  ,39,10/3/2017,3.12,318,394,9811,7919,4325,318
755,FLAT A 6/F BLOCK 17 BEACON HEIGHTS ,34,9/3/2017,9.7,905,1051,10718,9229,-,
756,FLAT C 3/F TOWER 12 (13 PARC OASIS RD) PARC OASIS ,28,3/3/2017,13.8,797,990,17315,13939,1954,38
757,NO. 8 1/F 8-14 BEGONIA ROAD BEGONIA COURT ,61,2/3/2017,18.28,1311,-,13944,-,-,
758,FLAT B 2/F BLOCK 6 MONTE CARLTON ,19,1/3/2017,11.63,1073,1406,10839,8272,4928,193
759,FLAT M 9/F KAM YUCK BUILDING  ,39,28/2/2017,2.43,224,242,10848,10041,1366,42
760,FLAT E 10/F TOWER 28 (33 GRANDEUR RD) PARC OASIS ,25,28/2/2017,11.28,560,706,20143,15977,2824,115
761,FLAT C 5/F SKY LODGE 5 (BLOCK 5) SKY LODGE DYNASTY HEIGHTS,21,20/2/2017,14,620,-,22577,-,1437,4
762,FLAT A 2/F TOWER 6 MOUNT BEACON ,14,20/2/2017,26.5,1161,1532,22825,17298,2339,3
763,FLAT A 2/F DYNASTY VILLA  ,27,17/2/2017,9.8,652,900,15031,10889,6456,145
764,FLAT F 3/F FORTUNE GARDEN  ,28,17/2/2017,9.35,524,696,17844,13434,2586,80
765,FLAT A 2/F MARIGOLD COURT  ,42,17/2/2017,11.68,819,-,14261,-,-,
766,FLAT B2 3/F BLOCK B FA PO VILLA ,54,16/2/2017,9.5,658,-,14438,-,-,
767,FLAT E 2/F MAYFAIR COURT  ,39,16/2/2017,13.98,1049,1267,13327,11034,3345,67
768,FLAT E 3/F BLOCK 1 CALDECOTT HILL ,16,15/2/2017,12.46,955,1282,13047,9719,1789,33
769,FLAT C 7/F BLOCK 15 BEACON HEIGHTS ,34,14/2/2017,10.9,905,1051,12044,10371,1663,33
770,FLAT A 3/F TOWER 1 THE CALDECOTT ,16,13/2/2017,27.3,1668,2325,16367,11742,3878,78
771,FLAT C 8/F TROPICANA 6 (BLOCK 21) TROPICANA DYNASTY HEIGHTS,22,10/2/2017,6,468,603,12821,9950,1731,8
772,FLAT BB 8/F TOWER 29 (29 GRANDEUR RD) PARC OASIS ,25,25/1/2017,11.96,678,851,17640,14054,1105,26
773,FLAT A 7/F TOWER 3 (39 TAT CHEE AVE) PARC OASIS ,28,23/1/2017,18.45,1012,1217,18231,15160,3371,112
774,FLAT E 5/F BLOCK 19 BEACON HEIGHTS ,34,20/1/2017,9.7,905,1051,10718,9229,3267,83
775,FLAT A 6/F TOWER 26 (37 GRANDEUR RD) PARC OASIS ,25,19/1/2017,9.9,606,758,16337,13061,1274,23
776,FLAT E 2/F TOWER 26 (37 GRANDEUR RD) PARC OASIS ,25,17/1/2017,8.48,560,706,15143,12011,1494,21
777,FLAT B 12/F SKY LODGE 3 (BLOCK 3) SKY LODGE DYNASTY HEIGHTS,21,17/1/2017,31,1198,-,25876,-,6143,153
778,FLAT B 7/F TOWER 6 MOUNT BEACON ,14,16/1/2017,28.5,1168,1527,24401,18664,1805,14
779,FLAT 20 4/F NAM CHEONG COMMERCIAL BUILDING  ,46,16/1/2017,3.5,391,481,8951,7277,1705,42
780,FLAT A 1/F BLOCK 7 BEACON HEIGHTS ,35,11/1/2017,15,1179,1354,12723,11078,-,
781,FLAT G 8/F TIN FUNG LAU  ,40,5/1/2017,2.83,282,352,10035,8040,-,
782,FLAT C 9/F TOWER 30 (27 GRANDEUR RD) PARC OASIS ,25,5/1/2017,14.5,789,1030,18378,14078,1281,32